date,de_price,ro_price
2019-12-31,41.88,34.77150238316463
2020-01-01,34.69416666666667,29.322628016881783
2020-01-02,38.28875,44.589611004979986
2020-01-03,26.170833333333334,51.20355629106703
2020-01-04,20.747916666666665,40.75513049624819
2020-01-05,35.388333333333335,37.49393679407081
2020-01-06,38.20041666666666,40.04558176104761
2020-01-07,40.03208333333333,48.242491814871435
2020-01-08,34.211666666666666,57.89239349424244
2020-01-09,35.950833333333335,62.368574847753486
2020-01-10,35.13583333333333,72.54712765288853
2020-01-11,31.347916666666666,49.44000406200533
2020-01-12,22.59583333333333,43.25016913799589
2020-01-13,37.71208333333333,60.22467157829421
2020-01-14,23.08666666666667,65.03855069394635
2020-01-15,25.47,64.76204600415922
2020-01-16,38.1275,59.009280114029515
2020-01-17,36.67791666666667,64.44629889291171
2020-01-18,32.30416666666667,48.28756518171031
2020-01-19,33.940000000000005,51.9586100594282
2020-01-20,44.48916666666667,51.47348029957849
2020-01-21,41.66125,56.28601354035546
2020-01-22,46.12708333333333,54.582456478800914
2020-01-23,51.37625,54.81632902875156
2020-01-24,50.2425,55.93093878347941
2020-01-25,40.275,56.44707889553799
2020-01-26,33.62708333333333,45.57477476166343
2020-01-27,37.46541666666666,72.28886130617897
2020-01-28,31.314166666666665,49.18995734422461
2020-01-29,33.57958333333333,51.41053267197154
2020-01-30,31.611666666666665,53.46534126663061
2020-01-31,22.487916666666667,44.34339525283798
2020-02-01,6.625,42.996464640670034
2020-02-02,17.858333333333334,34.92983285701575
2020-02-03,27.860833333333332,45.60308246551069
2020-02-04,28.069166666666664,41.50522709017822
2020-02-05,36.24375,38.78065767071173
2020-02-06,37.20333333333333,40.37250328531459
2020-02-07,36.34875,52.662558018874535
2020-02-08,27.96083333333333,41.35587692055062
2020-02-09,0.39833333333333343,37.56744277879171
2020-02-10,8.545416666666666,36.850661474874876
2020-02-11,11.293333333333335,38.99136479209386
2020-02-12,20.395,46.98957099421752
2020-02-13,37.665,45.425992187633966
2020-02-14,36.069583333333334,40.4186508352738
2020-02-15,19.015416666666667,37.716706362017774
2020-02-16,-9.071666666666667,38.789328132945826
2020-02-17,20.150000000000002,41.730028284180314
2020-02-18,21.965416666666666,42.6079907599566
2020-02-19,31.05458333333333,42.906652880509
2020-02-20,27.93625,44.76333903599126
2020-02-21,24.300833333333333,44.505333917872285
2020-02-22,-2.0458333333333334,38.356986611256474
2020-02-23,7.152083333333334,30.71713215093281
2020-02-24,28.9025,38.58798424391902
2020-02-25,24.753333333333334,38.65396150030892
2020-02-26,31.921666666666667,36.21390701860136
2020-02-27,38.3575,36.5511478611476
2020-02-28,29.825833333333335,40.17739333082612
2020-02-29,8.68875,38.230843834040606
2020-03-01,8.358333333333333,26.529733442288578
2020-03-02,33.25125,36.39265226371655
2020-03-03,36.41833333333333,36.782813989320815
2020-03-04,39.61666666666667,38.05828190661868
2020-03-05,35.834583333333335,39.41715074498274
2020-03-06,30.746666666666666,36.12266148106774
2020-03-07,28.66333333333333,30.42642776348499
2020-03-08,17.2825,24.798147728361727
2020-03-09,37.07333333333333,38.79275479113543
2020-03-10,22.245,30.174320016341024
2020-03-11,22.996666666666666,34.830751054826045
2020-03-12,12.245416666666666,37.48346274035102
2020-03-13,17.650000000000002,35.486569037366785
2020-03-14,29.431250000000002,33.18190385077321
2020-03-15,4.889166666666667,15.111983529739677
2020-03-16,31.42125,32.15942136512758
2020-03-17,28.03625,31.452413521869858
2020-03-18,26.6125,29.255548506521535
2020-03-19,28.62875,30.103636495479037
2020-03-20,24.84583333333333,26.046107249817652
2020-03-21,10.290000000000001,22.643715763505725
2020-03-22,-0.7570833333333334,16.289438081004885
2020-03-23,17.172916666666666,20.943458780575124
2020-03-24,20.5625,19.587682153537866
2020-03-25,23.0775,28.043601433132668
2020-03-26,22.295,25.030251956530616
2020-03-27,21.57625,26.887370681915495
2020-03-28,13.817916666666667,31.738048789694954
2020-03-29,5.0529166666666665,20.835993971583957
2020-03-30,23.618750000000002,32.62735830769511
2020-03-31,25.145,30.448614666206282
2020-04-01,23.553749999999997,26.19937622346234
2020-04-02,19.681250000000002,31.974004534822537
2020-04-03,22.844166666666666,35.50169609442559
2020-04-04,19.36625,22.739399173983106
2020-04-05,1.9129166666666668,3.720723492213678
2020-04-06,18.547083333333333,20.93977621778685
2020-04-07,23.609583333333333,35.09553985134641
2020-04-08,26.60625,30.367283106438634
2020-04-09,23.7675,28.592148542631563
2020-04-10,22.967916666666667,25.564574015791507
2020-04-11,20.638333333333332,26.476623391071133
2020-04-12,11.183333333333332,14.349563674415398
2020-04-13,-16.05875,11.366874550518006
2020-04-14,21.098333333333333,24.024124353630196
2020-04-15,20.357083333333332,25.195555954796045
2020-04-16,25.41,25.839346572084576
2020-04-17,27.710416666666664,27.530930041493203
2020-04-18,19.734166666666667,25.454596340626495
2020-04-19,6.5183333333333335,18.51458970313205
2020-04-20,2.4479166666666665,27.056024415837737
2020-04-21,-16.168333333333333,26.453116029865416
2020-04-22,9.179166666666667,31.576307375914027
2020-04-23,27.994583333333335,33.72725954774604
2020-04-24,19.669999999999998,29.86977777348687
2020-04-25,17.700416666666666,22.484773493228744
2020-04-26,18.883333333333333,23.327519426174465
2020-04-27,25.521666666666665,35.96942455997006
2020-04-28,24.815833333333334,25.826556563163667
2020-04-29,22.907083333333333,24.022300944622746
2020-04-30,19.076249999999998,27.68464636104098
2020-05-01,7.004166666666666,28.90728008021526
2020-05-02,12.872083333333334,23.842218609680156
2020-05-03,14.509583333333333,21.886739916849276
2020-05-04,26.105,34.77936421629382
2020-05-05,21.92375,30.918600057781934
2020-05-06,21.405833333333334,27.383862014376362
2020-05-07,24.018333333333334,24.99886563692456
2020-05-08,23.724999999999998,27.516973285984395
2020-05-09,21.895416666666666,24.041418797282322
2020-05-10,11.23375,19.18459268140136
2020-05-11,15.424166666666666,21.97244696394701
2020-05-12,22.508750000000003,23.345352304850717
2020-05-13,29.345416666666665,30.372906818453952
2020-05-14,22.807916666666667,24.87835187349128
2020-05-15,21.14875,28.995733564920116
2020-05-16,16.896666666666665,21.412296210837855
2020-05-17,9.330416666666666,14.435270011042848
2020-05-18,19.7275,33.16098099803853
2020-05-19,24.120833333333334,29.69915603775245
2020-05-20,31.95958333333333,35.160775550190976
2020-05-21,19.398333333333333,22.32322091909929
2020-05-22,18.351666666666667,22.964329960768122
2020-05-23,9.102500000000001,19.16029817056306
2020-05-24,-24.987083333333334,13.080039682756277
2020-05-25,19.409166666666668,22.136245090635963
2020-05-26,27.47083333333333,32.47875604370428
2020-05-27,22.462500000000002,23.452298397113655
2020-05-28,20.574583333333333,24.35972236155173
2020-05-29,22.505416666666665,26.73450572435051
2020-05-30,12.105833333333335,23.39491073079408
2020-05-31,1.3945833333333335,10.697060223470194
2020-06-01,6.7925,24.545547391943874
2020-06-02,28.971666666666668,43.68090193302077
2020-06-03,28.573333333333334,36.567414903410175
2020-06-04,26.173333333333332,25.72022904323869
2020-06-05,23.2625,23.315172902435837
2020-06-06,7.8975,17.978102075779244
2020-06-07,18.07875,19.041962018798166
2020-06-08,31.5975,36.08242316149259
2020-06-09,36.514583333333334,37.54864126681641
2020-06-10,31.302916666666665,36.63175037688796
2020-06-11,23.64125,33.11269639421311
2020-06-12,20.794583333333332,33.34997516659079
2020-06-13,19.632083333333334,30.147470124780156
2020-06-14,18.85625,22.57811057671716
2020-06-15,31.58375,36.73764337644098
2020-06-16,34.369166666666665,37.39520534988784
2020-06-17,36.842083333333335,35.4630230208145
2020-06-18,31.784583333333334,32.42589041946439
2020-06-19,29.80666666666667,30.265394202838838
2020-06-20,24.24083333333333,22.921569138836585
2020-06-21,19.094166666666666,21.301182079610477
2020-06-22,30.06625,27.85567028269502
2020-06-23,33.04458333333333,31.98134412365089
2020-06-24,35.29833333333333,35.198189959606516
2020-06-25,34.564166666666665,33.59672051928227
2020-06-26,35.05375,33.83400031630121
2020-06-27,25.929166666666664,26.54877110559049
2020-06-28,17.058333333333334,18.742493924656653
2020-06-29,27.469166666666666,35.36662907236316
2020-06-30,18.58125,30.93495049777429
2020-07-01,33.071666666666665,41.419563935274745
2020-07-02,39.331250000000004,43.82261725314843
2020-07-03,33.931666666666665,43.96507181977886
2020-07-04,13.817083333333334,30.642588956632565
2020-07-05,-14.745,22.98878671393848
2020-07-06,15.552916666666667,33.65827702353646
2020-07-07,32.272083333333335,34.114474488118695
2020-07-08,41.5625,41.25296389178549
2020-07-09,42.35125,41.89602142772326
2020-07-10,36.237500000000004,38.34572618678784
2020-07-11,28.489583333333332,29.38786078484773
2020-07-12,24.51,23.402690156847665
2020-07-13,34.54,35.78670311037303
2020-07-14,36.82625,38.32511539720344
2020-07-15,41.831250000000004,43.103224563689004
2020-07-16,44.43083333333333,43.22547859190515
2020-07-17,37.44291666666667,40.562220934004124
2020-07-18,28.89833333333333,32.355985087910234
2020-07-19,27.66416666666667,31.844265718161562
2020-07-20,32.9475,37.98486133927184
2020-07-21,31.81625,35.97174571166183
2020-07-22,34.65333333333333,37.98835558911902
2020-07-23,35.208333333333336,39.775166005508986
2020-07-24,31.48166666666667,36.36166694285635
2020-07-25,24.69458333333333,30.12308586493866
2020-07-26,13.196666666666667,25.90371739895691
2020-07-27,31.629166666666666,37.564766462242055
2020-07-28,23.457083333333333,38.00940452903306
2020-07-29,21.502916666666668,43.651676328095505
2020-07-30,35.82541666666666,47.35154926451042
2020-07-31,37.89416666666667,49.26668617869927
2020-08-01,28.332916666666666,40.01275331045529
2020-08-02,28.00791666666667,30.504291477523708
2020-08-03,36.94833333333333,39.4321507473305
2020-08-04,36.349583333333335,38.303039394190186
2020-08-05,29.285416666666666,39.093115661561896
2020-08-06,33.87916666666667,34.752325996792564
2020-08-07,36.209583333333335,33.828611157002044
2020-08-08,31.635,29.901052505609186
2020-08-09,28.442916666666665,27.79287317408867
2020-08-10,37.347500000000004,42.984048892338365
2020-08-11,35.52458333333333,39.84101391021531
2020-08-12,36.34041666666666,38.43717275673152
2020-08-13,38.79416666666666,40.03136808785505
2020-08-14,41.10166666666667,40.12749690801429
2020-08-15,31.438333333333333,29.976394240626565
2020-08-16,28.560833333333335,28.053098220230336
2020-08-17,40.78333333333333,41.3705652856112
2020-08-18,42.485,42.16895943734171
2020-08-19,37.8225,40.087556808363786
2020-08-20,38.152499999999996,36.572624262333115
2020-08-21,31.61583333333333,33.09490338763472
2020-08-22,23.524583333333336,30.326960277194175
2020-08-23,16.569166666666668,27.6136754274833
2020-08-24,45.6975,45.83228313788067
2020-08-25,35.73708333333334,44.10197213887404
2020-08-26,18.917916666666667,43.298229417496515
2020-08-27,47.69333333333333,48.89731934601661
2020-08-28,40.614583333333336,42.57150925332838
2020-08-29,35.74916666666667,36.74383234375184
2020-08-30,33.17375,35.98788070366208
2020-08-31,54.84625,53.16577896674321
2020-09-01,49.916666666666664,54.75351502773602
2020-09-02,49.98374999999999,55.426920671413
2020-09-03,39.24208333333333,47.583270461927405
2020-09-04,39.25625,39.703645328993
2020-09-05,33.0025,31.406345324443837
2020-09-06,34.850833333333334,34.02721518089978
2020-09-07,43.257083333333334,46.643451499148966
2020-09-08,37.87625,40.688596476337274
2020-09-09,36.322916666666664,47.202479768788464
2020-09-10,48.499583333333334,50.262785586269
2020-09-11,47.578333333333326,52.4718954517673
2020-09-12,31.39625,36.27387209443807
2020-09-13,20.219583333333333,33.129345993318985
2020-09-14,53.635416666666664,51.18412701034569
2020-09-15,70.79708333333333,60.130543874020965
2020-09-16,52.268750000000004,54.39394810862479
2020-09-17,46.571666666666665,52.825166454419815
2020-09-18,41.764583333333334,45.26069874571787
2020-09-19,36.9675,37.79098160228705
2020-09-20,37.43333333333333,35.967861131479715
2020-09-21,61.65375,53.06674924472753
2020-09-22,53.250416666666666,58.22666970101738
2020-09-23,45.336666666666666,51.06460738604102
2020-09-24,38.470416666666665,46.46953682681893
2020-09-25,41.34916666666667,42.680597973503865
2020-09-26,31.295416666666668,31.113915775200727
2020-09-27,31.836666666666662,30.63500891004769
2020-09-28,47.72541666666667,49.91842929981616
2020-09-29,58.96,53.071443426695275
2020-09-30,49.624583333333334,50.538329175056
2020-10-01,40.87375,47.47508649969103
2020-10-02,32.97708333333333,44.32109527227977
2020-10-03,18.3025,32.223595561528874
2020-10-04,6.570416666666667,14.214391856492199
2020-10-05,33.06916666666667,36.46972788601236
2020-10-06,34.531666666666666,45.62020578580604
2020-10-07,36.38166666666667,57.229431919374186
2020-10-08,29.107083333333335,47.47716945562303
2020-10-09,41.45125,51.07485193933792
2020-10-10,30.59375,33.15037779400577
2020-10-11,32.45083333333333,35.90071353704304
2020-10-12,47.19166666666666,51.79675184182123
2020-10-13,45.0825,46.45854034318611
2020-10-14,35.30958333333333,43.511147160802004
2020-10-15,41.572916666666664,46.39902412019592
2020-10-16,47.274166666666666,48.154546524624976
2020-10-17,40.092083333333335,39.24557879088222
2020-10-18,30.825833333333335,33.27369716720285
2020-10-19,44.30416666666667,48.34182479311428
2020-10-20,35.02625,48.163825192131526
2020-10-21,30.660833333333333,41.31728705434057
2020-10-22,34.50208333333333,50.609263437902236
2020-10-23,44.8525,49.53729411834149
2020-10-24,28.012916666666666,49.484302562793204
2020-10-25,14.944166666666666,38.39683218283705
2020-10-26,38.45125,42.7584906162644
2020-10-27,33.6075,38.92633505590648
2020-10-28,30.705416666666665,38.35401794850531
2020-10-29,32.584583333333335,41.20434362346072
2020-10-30,30.751666666666665,36.84177154451482
2020-10-31,30.57166666666667,31.00759850292013
2020-11-01,15.940833333333332,19.86631192299369
2020-11-02,24.358333333333334,42.17573078227503
2020-11-03,35.97125,42.80493135959917
2020-11-04,40.151666666666664,41.16743413747887
2020-11-05,38.73833333333334,40.74371791001324
2020-11-06,40.584583333333335,41.14089135346067
2020-11-07,36.26166666666666,37.18475582885066
2020-11-08,36.514583333333334,34.60931032441135
2020-11-09,44.92916666666667,46.54825319948085
2020-11-10,48.41625,47.98492764142254
2020-11-11,44.750416666666666,50.71126350008936
2020-11-12,40.992916666666666,56.824919014817056
2020-11-13,40.87916666666667,58.02195091873227
2020-11-14,35.10916666666667,43.76675786162482
2020-11-15,7.112500000000001,42.89129677702663
2020-11-16,29.84875,55.297797262491855
2020-11-17,38.91875,50.6994231182993
2020-11-18,35.115833333333335,48.80548448420518
2020-11-19,27.61375,50.34432314651724
2020-11-20,43.37833333333333,49.61635407261485
2020-11-21,29.241666666666664,39.627965197406226
2020-11-22,30.930000000000003,37.53576170016334
2020-11-23,43.60333333333333,61.26924859543417
2020-11-24,42.1475,55.10877414132179
2020-11-25,46.95291666666666,57.10036017705863
2020-11-26,56.905,67.10990685419577
2020-11-27,64.85041666666667,79.84871773858002
2020-11-28,46.465,63.59253494769144
2020-11-29,45.6,53.9783144068785
2020-11-30,51.61333333333334,43.25417084534936
2020-12-01,54.36666666666667,54.99763113526052
2020-12-02,73.74125,74.51386191536837
2020-12-03,47.541666666666664,83.14333591578865
2020-12-04,42.20375,63.90898177788722
2020-12-05,46.39458333333334,50.79784537886896
2020-12-06,42.543749999999996,44.33087351080626
2020-12-07,44.937916666666666,58.58502776448009
2020-12-08,61.044999999999995,67.44952635330053
2020-12-09,75.0425,82.52679691333921
2020-12-10,69.38250000000001,74.65644763871182
2020-12-11,45.65,65.75076923076924
2020-12-12,45.969166666666666,52.88689670785914
2020-12-13,42.79916666666667,43.49608084780113
2020-12-14,43.12041666666667,49.55005624266107
2020-12-15,50.673750000000005,61.36943417071711
2020-12-16,49.720416666666665,93.27819422097089
2020-12-17,44.77166666666667,103.49013078817171
2020-12-18,42.28625,72.39121869325386
2020-12-19,32.349583333333335,55.597004696094594
2020-12-20,40.3675,48.56735921986978
2020-12-21,37.208333333333336,70.20669180116157
2020-12-22,29.23625,77.15792694784746
2020-12-23,42.35333333333333,60.20261327934964
2020-12-24,25.50791666666667,39.20228275896115
2020-12-25,35.33708333333333,33.30031127767197
2020-12-26,17.205833333333334,32.94517016165297
2020-12-27,-12.979166666666666,31.002982228852265
2020-12-28,40.64125,36.379205023032036
2020-12-29,46.1775,41.2879204200353
2020-12-30,47.08583333333333,43.67806558838817
2020-12-31,47.215,43.705726597610436
2021-01-01,48.22416666666667,38.11871437575359
2021-01-02,50.538333333333334,50.435697278615784
2021-01-03,37.92333333333333,38.25556884207637
2021-01-04,48.36000000000001,51.41536268431245
2021-01-05,55.623333333333335,51.30414686695965
2021-01-06,52.95875,50.48959987559061
2021-01-07,70.90625,61.807301492119954
2021-01-08,78.51125,71.68375214045535
2021-01-09,59.315416666666664,51.9618265823969
2021-01-10,51.75833333333333,45.00662923230343
2021-01-11,47.071666666666665,53.24111632891847
2021-01-12,46.751666666666665,62.08922117261793
2021-01-13,42.585,60.30921567321934
2021-01-14,71.06375,72.20765263786087
2021-01-15,73.28416666666666,78.83545405227808
2021-01-16,55.411249999999995,54.247974778810324
2021-01-17,54.09166666666667,53.62739857081986
2021-01-18,55.38958333333333,67.02386470194143
2021-01-19,44.68958333333333,70.55747308634709
2021-01-20,36.05375,62.322168892650524
2021-01-21,29.418333333333333,57.46013753782969
2021-01-22,44.00875,53.71061344684178
2021-01-23,51.72875,51.81513226353945
2021-01-24,49.24333333333333,45.38257229525342
2021-01-25,61.017500000000005,58.2151742760517
2021-01-26,61.20208333333333,58.716451330278595
2021-01-27,57.992916666666666,57.776572486743355
2021-01-28,55.134166666666665,55.40955502448105
2021-01-29,49.655833333333334,51.89194752408608
2021-01-30,48.47958333333333,46.040289544682764
2021-01-31,48.196666666666665,43.46722297059733
2021-02-01,57.67958333333333,53.140324054002036
2021-02-02,54.17875,56.3035829333168
2021-02-03,44.455000000000005,47.316739403938755
2021-02-04,52.52875,47.974340707365144
2021-02-05,51.18291666666667,51.61523815383774
2021-02-06,34.635,41.56616531442494
2021-02-07,19.749166666666667,24.060889712765434
2021-02-08,45.1875,37.59583742497324
2021-02-09,64.47791666666667,42.84412336337735
2021-02-10,72.38041666666668,50.49581486800968
2021-02-11,79.10583333333334,58.13223827813618
2021-02-12,62.01,55.49575090220569
2021-02-13,53.11833333333333,53.43745362824603
2021-02-14,45.586666666666666,43.64192914495246
2021-02-15,51.07208333333333,53.13281207089849
2021-02-16,52.25541666666666,62.709457235424146
2021-02-17,49.67541666666667,57.12004335162555
2021-02-18,45.18541666666667,52.9654930035368
2021-02-19,47.8125,54.04511096420447
2021-02-20,33.19708333333333,39.03364307916292
2021-02-21,33.79458333333333,35.224340474948114
2021-02-22,49.973333333333336,52.85606434959439
2021-02-23,44.70541666666667,48.700245682798275
2021-02-24,38.755833333333335,46.85309801758512
2021-02-25,46.56041666666667,48.06241811854241
2021-02-26,47.585,48.36381152205812
2021-02-27,44.83958333333334,44.559694738141275
2021-02-28,42.10541666666666,40.489775997914634
2021-03-01,49.840833333333336,54.62414037175018
2021-03-02,53.54916666666667,48.315543132741304
2021-03-03,52.01958333333334,51.07308558934236
2021-03-04,53.971666666666664,51.8333799791831
2021-03-05,53.70208333333333,50.22336711587992
2021-03-06,44.59166666666667,46.54119777576781
2021-03-07,44.91,44.798253152987236
2021-03-08,61.615833333333335,62.44890807120792
2021-03-09,61.25125,62.34994255208
2021-03-10,49.248333333333335,53.65746338092655
2021-03-11,27.422916666666666,56.218230848441806
2021-03-12,22.66125,58.52040085165623
2021-03-13,10.61375,56.185895528474454
2021-03-14,17.652916666666666,45.057164130062546
2021-03-15,49.475833333333334,49.42014964913333
2021-03-16,56.03958333333333,57.205113633503686
2021-03-17,57.8525,55.45933391906889
2021-03-18,65.27416666666666,60.72634782983425
2021-03-19,56.35583333333333,62.8899685034192
2021-03-20,50.544999999999995,52.38030579410137
2021-03-21,35.830416666666665,43.616283161912406
2021-03-22,60.68541666666667,59.74961486611537
2021-03-23,62.04416666666666,59.84229399500895
2021-03-24,55.83041666666667,61.36292324549445
2021-03-25,58.75875,62.94269701568365
2021-03-26,50.98333333333333,61.69491520568406
2021-03-27,24.72666666666667,51.96373287992865
2021-03-28,17.775416666666665,43.19464221523227
2021-03-29,42.595,51.1501937427392
2021-03-30,56.309583333333336,53.172622886628716
2021-03-31,58.49875,59.35056699786417
2021-04-01,52.36416666666667,57.95285355256322
2021-04-02,35.51541666666667,44.248087102107384
2021-04-03,39.91958333333333,47.61068705385669
2021-04-04,23.566666666666666,37.010279204275854
2021-04-05,-15.390416666666667,35.72968178703949
2021-04-06,38.431666666666665,57.35166627276211
2021-04-07,49.403333333333336,65.55802056701647
2021-04-08,57.747083333333336,68.88256081706662
2021-04-09,55.73083333333333,63.92268187070096
2021-04-10,57.6675,56.92873006581828
2021-04-11,48.59625,47.44486731539927
2021-04-12,62.98666666666667,67.14412142565003
2021-04-13,57.49625,71.58414457760176
2021-04-14,70.16875,76.08518925726615
2021-04-15,66.3625,79.5475916094524
2021-04-16,63.727916666666665,71.71195121002027
2021-04-17,61.6475,61.97327699406417
2021-04-18,62.15208333333334,65.49991374840977
2021-04-19,75.92916666666666,80.7769460714835
2021-04-20,75.87916666666666,81.996220447693
2021-04-21,58.36291666666667,72.51099001814406
2021-04-22,47.21875,70.78294439030003
2021-04-23,62.062916666666666,67.97458400255174
2021-04-24,51.509166666666665,59.899660634268464
2021-04-25,37.655833333333334,44.748311713835754
2021-04-26,62.00666666666667,66.53095764089072
2021-04-27,59.727916666666665,66.47272835606847
2021-04-28,61.51791666666667,63.58836939977572
2021-04-29,59.72083333333333,66.42155363711474
2021-04-30,70.02958333333333,66.41316463598871
2021-05-01,55.59625,58.24503448607598
2021-05-02,43.78,42.79057098218655
2021-05-03,61.42791666666667,48.97539629907186
2021-05-04,28.713333333333335,48.07189890055929
2021-05-05,33.91291666666667,57.257418006169836
2021-05-06,66.95958333333333,66.40385327872814
2021-05-07,70.64458333333333,63.49019595828057
2021-05-08,46.281666666666666,49.52100576111653
2021-05-09,6.350416666666667,24.455741016930883
2021-05-10,59.44541666666667,66.40210330292854
2021-05-11,71.56916666666667,71.93457098374819
2021-05-12,69.06750000000001,68.10545744544898
2021-05-13,63.41,59.70786795929024
2021-05-14,71.58333333333333,69.44228844535219
2021-05-15,58.59875,62.89273321992255
2021-05-16,40.405,46.44380221506432
2021-05-17,74.38958333333333,70.39450180418983
2021-05-18,74.51541666666667,56.39603743475181
2021-05-19,77.515,72.0218479972218
2021-05-20,66.93958333333333,71.3579827935943
2021-05-21,29.837500000000002,53.712398388307044
2021-05-22,-6.430833333333333,53.53666626054231
2021-05-23,22.846249999999998,40.2584362787178
2021-05-24,32.55708333333333,54.54507357887666
2021-05-25,60.38833333333333,67.83828434210794
2021-05-26,65.70041666666667,67.3309202814389
2021-05-27,72.43666666666667,72.98154655833586
2021-05-28,73.80708333333334,75.35146180979514
2021-05-29,55.475833333333334,50.838328308914356
2021-05-30,37.928333333333335,42.46521956371808
2021-05-31,67.62458333333333,68.12060660868751
2021-06-01,68.48083333333334,59.12309243459338
2021-06-02,66.085,62.99493363702586
2021-06-03,62.6875,57.673598559663624
2021-06-04,72.24625,70.81765663936001
2021-06-05,61.59291666666667,61.863348281610406
2021-06-06,59.822916666666664,57.03491388768082
2021-06-07,77.72708333333334,80.19438105933072
2021-06-08,76.87708333333333,78.41636343511233
2021-06-09,77.43416666666667,77.67354917240463
2021-06-10,79.05583333333333,77.35718788457125
2021-06-11,77.78375,75.7076862799266
2021-06-12,34.42791666666667,66.13413797676678
2021-06-13,23.409583333333334,32.87994752754761
2021-06-14,74.98708333333333,75.51643674587157
2021-06-15,82.54875,74.98488018884892
2021-06-16,84.33375,79.77250736900942
2021-06-17,78.02625,81.1345963631564
2021-06-18,80.52708333333334,78.26458333333333
2021-06-19,69.61458333333333,67.77458333333333
2021-06-20,57.855,58.16375
2021-06-21,78.19333333333333,77.98333333333333
2021-06-22,84.70208333333333,86.395
2021-06-23,93.47208333333333,103.46708333333333
2021-06-24,94.99666666666667,99.01416666666667
2021-06-25,90.10208333333333,109.36
2021-06-26,78.8175,79.52333333333333
2021-06-27,65.24041666666666,67.85041666666666
2021-06-28,88.84583333333335,108.925
2021-06-29,91.75083333333333,96.12791666666668
2021-06-30,92.27749999999999,107.325
2021-07-01,90.1675,95.18
2021-07-02,96.62124999999999,101.63499999999999
2021-07-03,83.76625,85.55833333333334
2021-07-04,81.9575,73.875
2021-07-05,94.18333333333334,83.16708333333334
2021-07-06,80.36375,69.97416666666668
2021-07-07,99.73166666666667,107.35625
2021-07-08,108.77625,109.43541666666665
2021-07-09,91.40458333333333,91.43416666666667
2021-07-10,80.48708333333333,82.35083333333334
2021-07-11,77.44625,76.49458333333332
2021-07-12,93.97500000000001,120.31083333333333
2021-07-13,94.23125,100.05
2021-07-14,87.455,95.58416666666666
2021-07-15,89.70541666666666,106.00916666666666
2021-07-16,84.49916666666667,105.62375000000002
2021-07-17,60.65541666666667,84.57291666666667
2021-07-18,46.70875,72.47208333333333
2021-07-19,90.32249999999999,93.35416666666667
2021-07-20,91.40958333333333,107.27958333333333
2021-07-21,89.99291666666666,88.98958333333333
2021-07-22,87.80166666666666,77.38
2021-07-23,88.77125000000001,90.64916666666666
2021-07-24,73.59208333333333,75.39166666666667
2021-07-25,62.15208333333334,63.26166666666666
2021-07-26,88.81041666666665,103.32416666666667
2021-07-27,87.33291666666666,111.48375
2021-07-28,77.24208333333333,102.94083333333333
2021-07-29,46.48833333333334,113.15499999999999
2021-07-30,64.70416666666667,133.86583333333334
2021-07-31,29.38625,86.89833333333333
2021-08-01,59.17958333333333,79.97208333333333
2021-08-02,82.03041666666667,119.76541666666667
2021-08-03,96.60708333333334,138.4475
2021-08-04,98.17708333333333,160.1525
2021-08-05,92.92666666666668,119.91458333333333
2021-08-06,71.39041666666667,165.18833333333333
2021-08-07,57.08708333333333,111.94458333333334
2021-08-08,8.37875,83.94458333333334
2021-08-09,70.14625,120.44458333333334
2021-08-10,92.08291666666666,137.21958333333333
2021-08-11,101.27041666666666,107.22583333333334
2021-08-12,106.20375,134.90125
2021-08-13,93.79791666666667,105.22083333333335
2021-08-14,62.947916666666664,107.42375
2021-08-15,61.51291666666666,91.00916666666667
2021-08-16,66.615,110.60833333333333
2021-08-17,57.92124999999999,98.49791666666665
2021-08-18,78.9775,128.80833333333334
2021-08-19,93.74541666666666,97.23208333333334
2021-08-20,102.86708333333333,111.24874999999999
2021-08-21,90.05041666666666,94.48
2021-08-22,77.56583333333333,88.02625
2021-08-23,94.18666666666667,121.10583333333334
2021-08-24,95.61333333333333,114.90333333333332
2021-08-25,83.49958333333333,114.06916666666666
2021-08-26,93.56041666666665,110.89833333333333
2021-08-27,96.0,111.53375
2021-08-28,83.95166666666667,92.47541666666666
2021-08-29,81.01291666666667,90.73291666666667
2021-08-30,107.69041666666665,114.76375
2021-08-31,110.17083333333333,112.73125
2021-09-01,112.17416666666666,111.61458333333333
2021-09-02,118.29375,109.57041666666667
2021-09-03,111.46291666666667,111.93708333333335
2021-09-04,106.41583333333334,107.40041666666667
2021-09-05,97.67166666666667,96.05708333333332
2021-09-06,128.34916666666666,126.19416666666666
2021-09-07,128.07750000000001,125.66375
2021-09-08,124.38125000000001,119.01041666666667
2021-09-09,130.98291666666668,128.335
2021-09-10,139.80666666666667,137.26041666666666
2021-09-11,126.27999999999999,126.80166666666666
2021-09-12,105.93041666666666,107.20208333333333
2021-09-13,142.26125,144.20166666666668
2021-09-14,144.26583333333335,147.60875000000001
2021-09-15,167.89374999999998,167.90541666666667
2021-09-16,158.60583333333332,166.52708333333334
2021-09-17,158.10375,154.47708333333333
2021-09-18,128.82666666666668,129.38041666666666
2021-09-19,95.60625,98.26833333333333
2021-09-20,153.21125,151.36958333333334
2021-09-21,147.7279166666667,152.04708333333335
2021-09-22,145.40916666666666,146.78458333333333
2021-09-23,70.185,131.93291666666667
2021-09-24,112.40083333333332,123.10208333333333
2021-09-25,130.37791666666666,139.09083333333334
2021-09-26,124.67875,132.31625
2021-09-27,141.54416666666665,157.08291666666665
2021-09-28,156.18041666666667,158.70125
2021-09-29,129.31958333333333,148.49208333333334
2021-09-30,113.64875,161.18291666666667
2021-10-01,102.78291666666667,143.76583333333335
2021-10-02,94.87416666666667,139.025
2021-10-03,47.01916666666667,78.94291666666666
2021-10-04,161.8175,194.47625000000002
2021-10-05,156.47541666666666,164.64958333333334
2021-10-06,199.03583333333333,142.63916666666668
2021-10-07,295.4475,183.36958333333334
2021-10-08,200.33,189.53041666666664
2021-10-09,139.87041666666667,173.02916666666667
2021-10-10,145.29916666666665,193.40333333333334
2021-10-11,163.86458333333334,207.09416666666667
2021-10-12,171.96166666666667,224.26791666666668
2021-10-13,187.18375,184.94208333333333
2021-10-14,161.36125,214.38250000000002
2021-10-15,122.04708333333333,203.28041666666664
2021-10-16,155.16416666666666,209.57666666666668
2021-10-17,142.89875,182.60708333333332
2021-10-18,189.19500000000002,252.05916666666667
2021-10-19,145.13375,245.25708333333333
2021-10-20,61.784166666666664,255.10208333333333
2021-10-21,64.15583333333333,212.25625
2021-10-22,72.63666666666667,229.52916666666667
2021-10-23,143.74041666666668,192.13125
2021-10-24,96.03750000000001,158.7425
2021-10-25,177.20416666666665,213.45583333333335
2021-10-26,174.91083333333333,235.93791666666667
2021-10-27,147.24583333333334,221.47166666666666
2021-10-28,150.22375,213.67499999999998
2021-10-29,111.65249999999999,191.42416666666668
2021-10-30,82.8925,167.775
2021-10-31,61.598749999999995,144.24041666666668
2021-11-01,99.06041666666665,205.92791666666665
2021-11-02,204.17875,199.67375
2021-11-03,193.9175,193.8658333333333
2021-11-04,169.77833333333334,190.78958333333333
2021-11-05,158.90833333333333,179.47125000000003
2021-11-06,73.65833333333333,146.20791666666665
2021-11-07,37.435,137.70541666666665
2021-11-08,181.48083333333332,207.36166666666668
2021-11-09,160.66666666666666,203.3479166666667
2021-11-10,179.35500000000002,195.86249999999998
2021-11-11,190.41375000000002,202.00333333333333
2021-11-12,164.03291666666667,223.12249999999997
2021-11-13,160.46958333333333,202.16750000000002
2021-11-14,168.50875,187.66083333333333
2021-11-15,228.65,226.06208333333333
2021-11-16,237.94625,230.64208333333332
2021-11-17,176.68625,249.21833333333333
2021-11-18,138.725,251.88791666666668
2021-11-19,133.10041666666666,222.71958333333336
2021-11-20,108.78416666666668,207.74416666666664
2021-11-21,149.13750000000002,207.2770833333333
2021-11-22,232.85541666666666,260.585
2021-11-23,242.77291666666667,269.7320833333333
2021-11-24,274.30041666666665,283.265
2021-11-25,241.48874999999998,282.0154166666667
2021-11-26,187.31833333333336,214.37166666666667
2021-11-27,205.5583333333333,194.02958333333333
2021-11-28,199.55916666666667,179.39458333333334
2021-11-29,264.23291666666665,229.29916666666668
2021-11-30,124.39541666666666,193.00375
2021-12-01,87.24291666666666,199.21208333333334
2021-12-02,199.91375000000002,245.1604166666667
2021-12-03,148.76833333333335,221.02374999999998
2021-12-04,194.69791666666666,213.0925
2021-12-05,162.29666666666665,178.75708333333333
2021-12-06,262.63916666666665,250.57458333333332
2021-12-07,214.26916666666668,234.8375
2021-12-08,188.4025,221.69458333333333
2021-12-09,278.2291666666667,267.9691666666667
2021-12-10,240.74458333333334,223.66791666666666
2021-12-11,233.81125,198.81333333333336
2021-12-12,185.1029166666667,159.06958333333333
2021-12-13,264.7320833333333,254.76250000000002
2021-12-14,297.6825,260.06625
2021-12-15,295.65833333333336,238.11125
2021-12-16,346.30583333333334,309.7633333333333
2021-12-17,339.00916666666666,309.76375
2021-12-18,250.04999999999998,245.78583333333333
2021-12-19,122.85041666666666,219.12375
2021-12-20,336.56416666666667,324.355
2021-12-21,435.08958333333334,401.2754166666667
2021-12-22,414.80791666666664,426.2054166666667
2021-12-23,292.28249999999997,343.70958333333334
2021-12-24,199.13333333333333,182.74375
2021-12-25,198.21416666666667,132.29625000000001
2021-12-26,169.01583333333335,168.02416666666667
2021-12-27,147.93666666666667,149.98708333333335
2021-12-28,105.795,176.33583333333334
2021-12-29,153.97916666666666,155.2675
2021-12-30,70.455,128.04041666666666
2021-12-31,13.975416666666666,94.94416666666666
2022-01-01,82.87125,71.55958333333334
2022-01-02,44.98833333333334,86.06958333333334
2022-01-03,80.415,101.72208333333333
2022-01-04,153.98375000000001,155.89083333333335
2022-01-05,107.64083333333333,129.06625
2022-01-06,195.30875,200.5666666666667
2022-01-07,168.64958333333334,187.04375000000002
2022-01-08,162.6,170.36499999999998
2022-01-09,151.1925,177.07791666666665
2022-01-10,262.13625,190.64041666666665
2022-01-11,254.8395833333333,174.13166666666666
2022-01-12,232.33583333333334,195.35791666666668
2022-01-13,177.94375,208.20333333333335
2022-01-14,183.01083333333335,202.2275
2022-01-15,216.15791666666667,181.14416666666668
2022-01-16,126.93541666666665,194.5533333333333
2022-01-17,133.93375,195.21
2022-01-18,235.03958333333333,199.54166666666666
2022-01-19,168.88958333333332,217.97125000000003
2022-01-20,118.90958333333333,191.11333333333334
2022-01-21,159.45250000000001,218.31875
2022-01-22,177.76208333333332,192.95458333333332
2022-01-23,194.17999999999998,193.05458333333334
2022-01-24,247.29791666666665,235.04666666666665
2022-01-25,297.02125,292.84625
2022-01-26,231.73208333333332,293.375
2022-01-27,118.64833333333333,258.03249999999997
2022-01-28,176.35708333333332,242.7175
2022-01-29,86.79791666666667,235.48625
2022-01-30,60.29458333333333,148.88041666666666
2022-01-31,196.7854166666667,216.52916666666667
2022-02-01,145.055,226.35833333333335
2022-02-02,145.28083333333333,250.48958333333334
2022-02-03,192.79666666666665,215.32041666666666
2022-02-04,130.71208333333334,231.55875
2022-02-05,85.20291666666667,225.06958333333333
2022-02-06,53.1875,185.04250000000002
2022-02-07,88.9225,188.62375
2022-02-08,137.52124999999998,162.50041666666667
2022-02-09,169.44916666666666,213.22375
2022-02-10,191.9675,214.82208333333335
2022-02-11,185.24291666666667,211.59333333333333
2022-02-12,138.55708333333334,170.2125
2022-02-13,81.84791666666666,152.25666666666666
2022-02-14,104.97874999999999,223.32125
2022-02-15,154.25416666666666,209.56541666666666
2022-02-16,114.17958333333333,206.89416666666668
2022-02-17,70.86749999999999,176.93166666666664
2022-02-18,117.72208333333333,150.96041666666667
2022-02-19,40.892916666666665,144.73541666666668
2022-02-20,63.37916666666666,124.63708333333334
2022-02-21,78.71875,140.82625
2022-02-22,122.90125,146.22458333333333
2022-02-23,131.47541666666666,180.76375
2022-02-24,122.54208333333334,177.08541666666667
2022-02-25,122.26208333333334,218.4154166666667
2022-02-26,227.33249999999998,207.03958333333333
2022-02-27,181.6475,152.79916666666665
2022-02-28,206.87041666666667,163.83833333333334
2022-03-01,245.89583333333334,224.43166666666664
2022-03-02,282.1145833333333,267.40541666666667
2022-03-03,339.02916666666664,300.1020833333333
2022-03-04,359.3108333333333,385.07874999999996
2022-03-05,345.51666666666665,350.18833333333333
2022-03-06,340.25416666666666,327.6166666666667
2022-03-07,413.37041666666664,439.53375
2022-03-08,486.49083333333334,539.2491666666666
2022-03-09,442.9183333333333,436.55333333333334
2022-03-10,268.27375,315.52916666666664
2022-03-11,79.60458333333334,298.46583333333336
2022-03-12,128.04875,262.43125000000003
2022-03-13,117.00625000000001,272.15458333333333
2022-03-14,283.2325,333.4266666666667
2022-03-15,300.7245833333333,317.99083333333334
2022-03-16,241.29083333333332,282.87916666666666
2022-03-17,227.31625,243.31291666666667
2022-03-18,228.635,231.5220833333333
2022-03-19,126.25916666666666,232.09625000000003
2022-03-20,50.298750000000005,122.45791666666668
2022-03-21,210.28875000000002,227.46791666666664
2022-03-22,236.17125,216.0225
2022-03-23,236.43458333333334,234.22208333333333
2022-03-24,240.05958333333334,233.57666666666668
2022-03-25,243.27374999999998,231.63208333333333
2022-03-26,189.51250000000002,191.55708333333334
2022-03-27,198.61249999999998,140.06333333333333
2022-03-28,222.90291666666667,223.93958333333333
2022-03-29,251.92958333333334,242.62041666666667
2022-03-30,268.65291666666667,219.80375
2022-03-31,201.12375,153.65958333333333
2022-04-01,161.20000000000002,103.3625
2022-04-02,172.86749999999998,122.44125000000001
2022-04-03,165.31458333333333,91.40083333333332
2022-04-04,68.78875000000001,232.3345833333333
2022-04-05,191.33,210.20375
2022-04-06,116.66291666666666,169.79416666666665
2022-04-07,68.41541666666667,169.26125
2022-04-08,130.31833333333333,161.1825
2022-04-09,54.29416666666666,128.80208333333334
2022-04-10,85.91416666666667,79.41916666666667
2022-04-11,224.21124999999998,183.86249999999998
2022-04-12,182.33708333333334,197.68458333333334
2022-04-13,227.21,178.80875
2022-04-14,226.59541666666667,219.02374999999998
2022-04-15,191.34666666666666,191.59875
2022-04-16,146.1175,159.15375
2022-04-17,103.68458333333332,86.5825
2022-04-18,129.44291666666666,149.26416666666668
2022-04-19,212.27833333333334,244.47666666666666
2022-04-20,202.74625,240.595
2022-04-21,199.77666666666667,209.69166666666663
2022-04-22,167.14958333333334,157.70874999999998
2022-04-23,91.09041666666667,135.16125
2022-04-24,115.8275,131.41666666666666
2022-04-25,225.49833333333333,187.76791666666668
2022-04-26,237.93499999999997,239.795
2022-04-27,222.7025,223.76916666666668
2022-04-28,229.845,230.05291666666668
2022-04-29,227.38625000000002,220.97958333333335
2022-04-30,201.7675,188.34875
2022-05-01,194.7675,185.78
2022-05-02,217.36666666666667,205.0875
2022-05-03,219.79833333333332,220.01
2022-05-04,232.4416666666667,234.34875
2022-05-05,234.51791666666668,234.2854166666667
2022-05-06,225.67708333333334,223.51
2022-05-07,199.73416666666665,193.43041666666667
2022-05-08,172.10458333333335,174.2541666666667
2022-05-09,217.38250000000002,241.70333333333335
2022-05-10,182.39916666666667,211.02958333333333
2022-05-11,154.715,266.66291666666666
2022-05-12,174.02791666666667,218.55999999999997
2022-05-13,165.74416666666667,194.03583333333333
2022-05-14,155.95208333333332,176.53791666666666
2022-05-15,146.44083333333333,154.53041666666667
2022-05-16,213.66958333333332,242.65541666666664
2022-05-17,225.54208333333335,235.4958333333333
2022-05-18,206.45333333333335,172.73916666666665
2022-05-19,211.85541666666666,195.85166666666666
2022-05-20,203.08333333333334,207.04666666666665
2022-05-21,107.80083333333334,151.16833333333332
2022-05-22,164.96875,166.04041666666666
2022-05-23,181.24041666666665,209.10625000000002
2022-05-24,171.10625000000002,205.1575
2022-05-25,171.00791666666666,187.905
2022-05-26,64.56041666666667,199.57666666666668
2022-05-27,41.92208333333333,205.0845833333333
2022-05-28,48.74458333333334,176.65
2022-05-29,160.30291666666668,143.1975
2022-05-30,225.38,218.45833333333334
2022-05-31,211.98416666666665,220.69333333333336
2022-06-01,212.73041666666666,225.6520833333333
2022-06-02,187.8166666666667,194.15125
2022-06-03,184.67208333333335,188.54541666666668
2022-06-04,161.61708333333334,178.7266666666667
2022-06-05,136.22416666666666,141.9154166666667
2022-06-06,96.48708333333333,183.5858333333333
2022-06-07,185.3791666666667,230.99208333333334
2022-06-08,190.58291666666665,224.70749999999998
2022-06-09,185.78083333333333,205.93708333333333
2022-06-10,186.67708333333334,192.34
2022-06-11,133.48125000000002,156.9475
2022-06-12,116.00541666666668,118.95
2022-06-13,165.58583333333334,182.92875
2022-06-14,196.82666666666668,210.20541666666668
2022-06-15,214.85958333333335,227.46041666666667
2022-06-16,205.83624999999998,240.0925
2022-06-17,251.93125,258.44125
2022-06-18,192.65166666666667,203.54250000000002
2022-06-19,157.29958333333335,169.41
2022-06-20,269.3183333333333,281.58
2022-06-21,289.9941666666667,265.86375000000004
2022-06-22,323.5725,282.10166666666663
2022-06-23,290.49833333333333,289.79041666666666
2022-06-24,276.84250000000003,212.81541666666666
2022-06-25,242.58833333333334,256.8491666666667
2022-06-26,202.04916666666668,251.11541666666668
2022-06-27,315.7808333333333,329.9745833333333
2022-06-28,331.4241666666667,359.905
2022-06-29,316.43,299.94374999999997
2022-06-30,324.51708333333335,350.1045833333333
2022-07-01,314.6408333333333,354.75875
2022-07-02,217.56041666666667,239.28583333333333
2022-07-03,203.83249999999998,228.61875
2022-07-04,297.295,387.37583333333333
2022-07-05,317.60083333333336,346.6575
2022-07-06,295.86083333333335,366.9820833333333
2022-07-07,211.03666666666666,325.3016666666667
2022-07-08,304.6379166666667,292.03249999999997
2022-07-09,127.01125,156.79125
2022-07-10,134.81541666666666,126.62333333333333
2022-07-11,378.7191666666667,374.5729166666667
2022-07-12,379.18625,396.83500000000004
2022-07-13,352.02708333333334,353.00708333333336
2022-07-14,362.85999999999996,414.1666666666667
2022-07-15,332.62333333333333,397.28999999999996
2022-07-16,166.31166666666667,268.2758333333333
2022-07-17,229.665,230.6025
2022-07-18,398.2816666666667,418.50416666666666
2022-07-19,386.2029166666667,462.6329166666667
2022-07-20,339.1408333333333,452.7416666666666
2022-07-21,398.48583333333335,384.84708333333333
2022-07-22,379.21958333333333,445.12916666666666
2022-07-23,325.955,361.5995833333333
2022-07-24,254.40583333333333,308.57875
2022-07-25,310.78000000000003,533.8154166666667
2022-07-26,321.14708333333334,512.48625
2022-07-27,427.9295833333333,519.0325
2022-07-28,470.9791666666667,512.5395833333333
2022-07-29,440.5325,494.6233333333334
2022-07-30,376.33125,404.60083333333336
2022-07-31,318.06166666666667,316.35833333333335
2022-08-01,428.87000000000006,434.68666666666667
2022-08-02,377.2183333333333,442.4470833333333
2022-08-03,389.5158333333333,403.3533333333333
2022-08-04,409.9795833333333,393.78
2022-08-05,376.66833333333335,431.0820833333333
2022-08-06,266.88958333333335,341.9391666666666
2022-08-07,217.87958333333333,215.0041666666667
2022-08-08,361.5491666666667,357.9941666666667
2022-08-09,342.9683333333333,358.97875
2022-08-10,336.1616666666667,337.2079166666667
2022-08-11,377.19374999999997,389.69374999999997
2022-08-12,436.8333333333333,452.45250000000004
2022-08-13,377.1433333333334,406.34375
2022-08-14,327.2316666666666,364.12625
2022-08-15,433.2625,427.9379166666667
2022-08-16,495.4558333333334,501.31749999999994
2022-08-17,551.7858333333334,553.73
2022-08-18,562.6725,562.2624999999999
2022-08-19,516.53125,509.84
2022-08-20,449.6041666666667,460.51416666666665
2022-08-21,371.2320833333333,405.62916666666666
2022-08-22,566.8579166666667,565.2833333333333
2022-08-23,608.3391666666666,619.5929166666666
2022-08-24,621.2716666666666,628.15
2022-08-25,605.2095833333334,597.9229166666667
2022-08-26,705.3633333333333,715.05625
2022-08-27,597.30125,643.4783333333334
2022-08-28,403.47291666666666,548.2716666666666
2022-08-29,661.6425,733.715
2022-08-30,653.6625,734.6395833333332
2022-08-31,601.1716666666667,678.3125
2022-09-01,567.0170833333333,586.3991666666667
2022-09-02,405.60083333333336,448.94416666666666
2022-09-03,285.24666666666667,355.74875
2022-09-04,245.80416666666667,315.27958333333333
2022-09-05,360.8933333333334,462.66375
2022-09-06,426.74916666666667,527.4958333333333
2022-09-07,464.5808333333334,426.01916666666665
2022-09-08,430.52791666666667,373.6575
2022-09-09,354.93875,315.2033333333333
2022-09-10,406.25874999999996,406.25874999999996
2022-09-11,387.1579166666667,386.5545833333333
2022-09-12,405.42333333333335,435.9291666666666
2022-09-13,393.81,450.1541666666667
2022-09-14,458.1408333333333,444.47
2022-09-15,353.36291666666665,358.8333333333333
2022-09-16,193.96875,356.71416666666664
2022-09-17,63.80083333333334,257.51875
2022-09-18,83.23041666666667,133.22
2022-09-19,275.8933333333333,290.8979166666667
2022-09-20,367.0920833333333,371.9475
2022-09-21,384.21541666666667,386.36875000000003
2022-09-22,386.2366666666667,397.185
2022-09-23,370.3845833333333,393.7870833333333
2022-09-24,341.80625000000003,369.34708333333333
2022-09-25,273.58583333333337,275.83625
2022-09-26,243.5320833333333,336.0495833333333
2022-09-27,319.0004166666667,354.9975
2022-09-28,390.60583333333335,363.9504166666666
2022-09-29,417.03625000000005,397.37958333333336
2022-09-30,292.2554166666667,358.74583333333334
2022-10-01,82.84458333333333,247.22958333333335
2022-10-02,116.67500000000001,138.89708333333334
2022-10-03,218.48208333333332,254.33541666666667
2022-10-04,240.02625,313.01458333333335
2022-10-05,93.10541666666667,280.30041666666665
2022-10-06,114.25833333333333,225.19208333333333
2022-10-07,160.625,217.38791666666665
2022-10-08,152.21958333333333,232.45208333333335
2022-10-09,135.43666666666667,166.77833333333334
2022-10-10,169.9675,231.03416666666666
2022-10-11,265.26875,360.03
2022-10-12,281.2808333333333,288.41749999999996
2022-10-13,258.3833333333333,297.56083333333333
2022-10-14,257.0975,257.1516666666667
2022-10-15,147.41291666666666,187.81875
2022-10-16,99.95583333333333,144.89124999999999
2022-10-17,154.04916666666665,193.68875
2022-10-18,182.31916666666666,213.88
2022-10-19,167.85458333333335,174.76166666666666
2022-10-20,140.54833333333332,180.5525
2022-10-21,164.51583333333335,188.7725
2022-10-22,137.11208333333335,145.39000000000001
2022-10-23,91.28458333333333,183.61291666666668
2022-10-24,80.81916666666667,228.00541666666666
2022-10-25,108.79166666666667,151.38708333333332
2022-10-26,121.35541666666666,184.24458333333334
2022-10-27,124.17416666666666,178.1783333333333
2022-10-28,105.94875,136.87291666666667
2022-10-29,101.78875,109.7
2022-10-30,118.3125,109.71291666666667
2022-10-31,143.19208333333333,165.04125
2022-11-01,67.78291666666667,155.77333333333334
2022-11-02,72.83874999999999,214.06958333333333
2022-11-03,103.52208333333334,185.13541666666666
2022-11-04,181.14041666666665,183.77083333333334
2022-11-05,128.42291666666668,136.57708333333332
2022-11-06,48.687083333333334,123.66208333333333
2022-11-07,79.32416666666667,219.58
2022-11-08,95.02291666666667,189.64416666666668
2022-11-09,128.39041666666665,205.70833333333334
2022-11-10,135.40541666666667,243.2675
2022-11-11,128.17416666666665,203.88958333333335
2022-11-12,163.56208333333333,181.70833333333334
2022-11-13,142.01708333333332,169.70291666666665
2022-11-14,162.30458333333334,209.00541666666666
2022-11-15,174.9125,257.84541666666667
2022-11-16,142.45583333333335,272.1225
2022-11-17,102.60833333333333,247.2891666666667
2022-11-18,172.34375,237.24541666666667
2022-11-19,200.96541666666667,192.8166666666667
2022-11-20,207.725,198.77416666666667
2022-11-21,252.74916666666664,244.995
2022-11-22,205.51291666666668,210.7225
2022-11-23,177.51125000000002,210.5583333333333
2022-11-24,239.365,267.18125000000003
2022-11-25,258.98833333333334,258.8616666666667
2022-11-26,236.3445833333333,235.65833333333333
2022-11-27,145.99666666666667,176.68666666666664
2022-11-28,297.5808333333334,305.24333333333334
2022-11-29,372.3329166666667,361.2008333333333
2022-11-30,393.85249999999996,377.35875000000004
2022-12-01,394.94958333333335,335.60375
2022-12-02,336.36083333333335,387.47291666666666
2022-12-03,281.61,299.5208333333333
2022-12-04,267.44083333333333,272.8129166666667
2022-12-05,345.13166666666666,341.1695833333333
2022-12-06,385.04791666666665,395.21208333333334
2022-12-07,325.74083333333334,362.47499999999997
2022-12-08,389.50458333333336,376.375
2022-12-09,410.145,343.89875
2022-12-10,354.14958333333334,309.5075
2022-12-11,325.91249999999997,205.54916666666668
2022-12-12,435.01500000000004,435.8979166666666
2022-12-13,443.1716666666667,393.22
2022-12-14,444.925,442.8908333333334
2022-12-15,396.80833333333334,392.5808333333334
2022-12-16,410.7970833333334,288.2316666666667
2022-12-17,264.4845833333333,212.92791666666668
2022-12-18,187.41916666666668,171.5533333333333
2022-12-19,191.43125,200.44125
2022-12-20,188.90166666666667,216.50416666666663
2022-12-21,213.63333333333333,223.1208333333333
2022-12-22,192.21291666666664,202.68666666666664
2022-12-23,183.07541666666668,181.0975
2022-12-24,113.495,114.71791666666667
2022-12-25,103.09541666666667,98.69916666666667
2022-12-26,39.410000000000004,47.00125
2022-12-27,92.43916666666667,96.43374999999999
2022-12-28,44.17666666666667,143.8033333333333
2022-12-29,14.08625,94.65333333333332
2022-12-30,14.15875,53.96875
2022-12-31,-1.0062499999999999,35.16416666666667
2023-01-01,17.541666666666668,19.814583333333335
2023-01-02,126.82416666666666,127.45791666666666
2023-01-03,143.90791666666667,148.17375
2023-01-04,55.57333333333333,189.75583333333336
2023-01-05,111.92041666666665,137.22708333333333
2023-01-06,117.05416666666667,127.51916666666666
2023-01-07,85.21625,169.34041666666667
2023-01-08,71.61666666666666,99.48166666666667
2023-01-09,130.57874999999999,140.73541666666668
2023-01-10,118.92125,134.45041666666665
2023-01-11,84.70083333333334,150.47666666666666
2023-01-12,71.27458333333333,185.03666666666666
2023-01-13,66.35208333333334,195.3395833333333
2023-01-14,28.438333333333333,182.59625000000003
2023-01-15,11.595416666666667,97.39416666666666
2023-01-16,130.34166666666667,131.0875
2023-01-17,134.59208333333333,116.98583333333333
2023-01-18,143.28458333333333,80.92958333333333
2023-01-19,149.68708333333333,53.06041666666667
2023-01-20,180.54458333333332,97.49083333333334
2023-01-21,143.70291666666665,109.93416666666667
2023-01-22,152.04083333333332,129.56083333333333
2023-01-23,203.39625,158.17833333333334
2023-01-24,202.03958333333333,156.895
2023-01-25,181.77666666666667,161.44166666666666
2023-01-26,167.04375000000002,169.17875
2023-01-27,168.96541666666667,148.665
2023-01-28,145.32166666666666,126.40916666666668
2023-01-29,119.01083333333334,130.63
2023-01-30,76.25583333333334,197.605
2023-01-31,116.73541666666667,152.3575
2023-02-01,92.84291666666667,157.05916666666667
2023-02-02,137.56333333333333,152.3375
2023-02-03,102.23833333333333,150.13125
2023-02-04,147.5175,143.53708333333333
2023-02-05,131.76208333333332,109.13
2023-02-06,172.9958333333333,161.50958333333332
2023-02-07,173.51708333333332,163.4375
2023-02-08,150.00083333333333,156.72041666666667
2023-02-09,133.09166666666667,158.43458333333334
2023-02-10,124.55624999999999,163.75375
2023-02-11,107.9275,143.60333333333332
2023-02-12,136.63291666666666,140.1675
2023-02-13,163.41791666666668,171.22166666666666
2023-02-14,154.45916666666668,160.08916666666667
2023-02-15,142.60666666666665,166.86708333333334
2023-02-16,136.4475,171.89041666666665
2023-02-17,77.90291666666667,170.34333333333333
2023-02-18,98.04375,108.55166666666666
2023-02-19,112.79708333333333,107.40166666666666
2023-02-20,60.23500000000001,122.22791666666667
2023-02-21,126.17083333333333,118.89625000000001
2023-02-22,148.43041666666667,150.34833333333333
2023-02-23,146.07874999999999,148.92583333333332
2023-02-24,116.50541666666668,134.20916666666668
2023-02-25,89.95041666666667,87.62708333333335
2023-02-26,110.50708333333334,72.87625
2023-02-27,152.74,148.03333333333333
2023-02-28,148.00666666666666,152.43333333333334
2023-03-01,142.66583333333332,153.64374999999998
2023-03-02,144.91,158.28416666666666
2023-03-03,135.42916666666667,147.67083333333332
2023-03-04,107.44083333333333,119.65041666666667
2023-03-05,122.97708333333333,120.44
2023-03-06,149.08791666666667,141.70375
2023-03-07,107.54458333333334,132.08875
2023-03-08,138.86375,126.11916666666667
2023-03-09,126.75041666666665,108.29208333333334
2023-03-10,114.2525,102.96708333333333
2023-03-11,100.72125,99.09708333333333
2023-03-12,92.40666666666668,95.22666666666667
2023-03-13,35.62166666666666,81.03791666666667
2023-03-14,75.4825,87.72000000000001
2023-03-15,128.21416666666667,126.64041666666667
2023-03-16,102.70208333333333,109.94958333333334
2023-03-17,94.76,93.21750000000002
2023-03-18,109.49083333333334,109.35916666666667
2023-03-19,112.57416666666667,112.36708333333333
2023-03-20,125.03916666666667,126.00666666666666
2023-03-21,113.23041666666666,122.79041666666666
2023-03-22,79.8025,124.75875
2023-03-23,74.17083333333333,114.10125
2023-03-24,51.45666666666667,90.10416666666667
2023-03-25,15.68125,26.42833333333333
2023-03-26,73.91,52.43666666666667
2023-03-27,91.14458333333333,74.49249999999999
2023-03-28,114.47000000000001,81.52416666666666
2023-03-29,115.67791666666666,115.27
2023-03-30,79.69375000000001,107.10125
2023-03-31,98.26291666666667,100.76625
2023-04-01,55.0975,60.50416666666666
2023-04-02,70.92083333333333,70.59583333333333
2023-04-03,114.99125,114.91416666666667
2023-04-04,133.10791666666668,114.58208333333333
2023-04-05,141.55041666666668,120.09125
2023-04-06,121.75875,124.255
2023-04-07,110.23666666666666,121.32958333333333
2023-04-08,117.23833333333333,119.13833333333334
2023-04-09,102.30624999999999,102.30624999999999
2023-04-10,32.57375,70.68958333333333
2023-04-11,67.54333333333334,101.23458333333333
2023-04-12,107.62958333333334,112.27833333333332
2023-04-13,110.4375,125.82208333333334
2023-04-14,129.00458333333333,94.88
2023-04-15,105.92791666666666,105.34041666666667
2023-04-16,110.55166666666668,89.0075
2023-04-17,123.46458333333334,78.40333333333334
2023-04-18,107.91125,114.40458333333333
2023-04-19,87.295,122.88125000000001
2023-04-20,111.52958333333333,114.15583333333335
2023-04-21,89.63875,105.95541666666666
2023-04-22,84.80791666666666,86.64625000000001
2023-04-23,84.50375,46.63999999999999
2023-04-24,105.45333333333333,94.19041666666668
2023-04-25,100.87333333333333,93.96083333333333
2023-04-26,111.51125,104.45916666666666
2023-04-27,111.55666666666667,73.5925
2023-04-28,107.21791666666667,75.06583333333333
2023-04-29,99.23875,98.96208333333334
2023-04-30,69.09625,69.43916666666667
2023-05-01,86.4775,71.99833333333333
2023-05-02,107.19291666666668,107.35374999999999
2023-05-03,107.17750000000001,104.88291666666667
2023-05-04,96.58,104.01208333333334
2023-05-05,97.42625,97.52958333333333
2023-05-06,88.37833333333333,88.61583333333334
2023-05-07,66.60875,69.07375
2023-05-08,96.94041666666668,99.01916666666666
2023-05-09,94.69458333333334,100.80916666666667
2023-05-10,108.39791666666667,118.74833333333333
2023-05-11,115.80791666666666,123.95666666666666
2023-05-12,101.165,106.68708333333335
2023-05-13,78.1725,79.38625
2023-05-14,73.09,71.82791666666667
2023-05-15,110.7325,116.57791666666667
2023-05-16,79.12791666666666,98.68166666666667
2023-05-17,80.62125,96.17750000000001
2023-05-18,85.87083333333334,102.56666666666666
2023-05-19,86.30624999999999,73.58375
2023-05-20,44.288333333333334,43.379999999999995
2023-05-21,31.635416666666668,31.363333333333333
2023-05-22,97.39999999999999,97.13958333333333
2023-05-23,72.33083333333333,93.90666666666665
2023-05-24,103.81375000000001,102.99791666666668
2023-05-25,80.33541666666666,85.49208333333333
2023-05-26,70.34708333333333,74.005
2023-05-27,62.58291666666667,62.87958333333333
2023-05-28,24.138333333333335,37.62791666666667
2023-05-29,22.825,56.19375
2023-05-30,88.65625,93.19791666666667
2023-05-31,71.91583333333334,89.25333333333333
2023-06-01,73.08958333333334,76.61749999999999
2023-06-02,81.11083333333333,79.78791666666667
2023-06-03,55.982499999999995,56.215
2023-06-04,49.41416666666667,51.83416666666667
2023-06-05,91.165,89.45833333333333
2023-06-06,99.13041666666668,86.81041666666665
2023-06-07,100.9225,93.76041666666667
2023-06-08,84.58083333333333,83.86375
2023-06-09,86.20166666666667,86.05708333333332
2023-06-10,53.03208333333333,57.719166666666666
2023-06-11,43.10375,46.50583333333333
2023-06-12,96.08541666666666,90.39916666666666
2023-06-13,90.57166666666666,95.89416666666666
2023-06-14,103.97833333333334,105.38499999999999
2023-06-15,121.88708333333334,109.52291666666667
2023-06-16,127.76291666666667,112.66791666666666
2023-06-17,104.2625,100.31791666666668
2023-06-18,90.80583333333334,58.722500000000004
2023-06-19,118.56333333333333,59.45291666666666
2023-06-20,121.08833333333332,56.252916666666664
2023-06-21,124.55166666666666,103.56083333333333
2023-06-22,123.31666666666666,82.34583333333333
2023-06-23,107.57541666666667,100.22208333333333
2023-06-24,82.10875,79.99041666666666
2023-06-25,75.21916666666667,72.84291666666667
2023-06-26,96.96,95.705
2023-06-27,100.84875,87.93124999999999
2023-06-28,114.21791666666667,107.19458333333334
2023-06-29,117.6425,117.3125
2023-06-30,110.01208333333334,112.76041666666667
2023-07-01,58.12166666666667,64.81875000000001
2023-07-02,-50.12583333333333,26.844166666666666
2023-07-03,56.04458333333333,102.78916666666667
2023-07-04,87.5175,114.96958333333333
2023-07-05,67.33624999999999,107.09416666666668
2023-07-06,108.96541666666667,109.99416666666667
2023-07-07,101.90666666666668,99.69916666666667
2023-07-08,82.97375,76.21166666666666
2023-07-09,89.46999999999998,59.684583333333336
2023-07-10,115.05541666666666,121.64208333333333
2023-07-11,103.84625,119.23291666666667
2023-07-12,88.03458333333333,118.92083333333333
2023-07-13,97.51166666666667,112.91291666666666
2023-07-14,93.98291666666667,95.94708333333334
2023-07-15,31.277916666666666,41.14458333333334
2023-07-16,20.145833333333332,56.72083333333333
2023-07-17,81.29041666666667,116.57708333333333
2023-07-18,106.99624999999999,118.48583333333333
2023-07-19,96.62416666666667,127.97125
2023-07-20,96.89458333333334,135.43708333333333
2023-07-21,104.14791666666667,136.24708333333334
2023-07-22,75.52083333333333,103.80000000000001
2023-07-23,30.114583333333332,65.26625
2023-07-24,92.00458333333334,113.07791666666667
2023-07-25,104.35125,108.32166666666666
2023-07-26,94.98541666666667,111.31833333333333
2023-07-27,93.37666666666667,96.64791666666667
2023-07-28,97.14208333333333,106.07791666666667
2023-07-29,75.085,81.81708333333333
2023-07-30,29.760416666666668,51.26416666666666
2023-07-31,71.60791666666667,98.19083333333333
2023-08-01,81.09666666666666,95.50166666666667
2023-08-02,62.56125,73.99916666666667
2023-08-03,51.435833333333335,98.795
2023-08-04,99.53041666666667,112.30541666666666
2023-08-05,89.50458333333334,89.16583333333334
2023-08-06,54.775416666666665,47.855
2023-08-07,14.757083333333332,66.73458333333333
2023-08-08,18.8225,43.907916666666665
2023-08-09,89.85708333333334,90.93
2023-08-10,103.39916666666666,92.12916666666666
2023-08-11,99.77916666666665,80.01875
2023-08-12,79.00833333333334,58.8325
2023-08-13,65.74791666666667,53.79791666666667
2023-08-14,103.56375000000001,88.83916666666666
2023-08-15,94.05666666666667,76.69541666666667
2023-08-16,110.76583333333333,91.49416666666667
2023-08-17,111.51208333333334,102.72916666666667
2023-08-18,108.49958333333332,106.53250000000001
2023-08-19,86.02125000000001,86.43458333333332
2023-08-20,89.66541666666666,86.14833333333333
2023-08-21,121.31583333333333,111.64541666666666
2023-08-22,123.89916666666666,131.75541666666666
2023-08-23,147.47791666666666,155.62
2023-08-24,144.56291666666667,164.23416666666665
2023-08-25,116.77833333333332,167.98999999999998
2023-08-26,95.96125,120.13666666666666
2023-08-27,101.11291666666666,106.80541666666666
2023-08-28,119.43166666666667,151.6225
2023-08-29,122.84791666666666,145.33916666666667
2023-08-30,114.48375,127.39708333333334
2023-08-31,104.58,126.88208333333334
2023-09-01,109.20875000000001,127.86041666666667
2023-09-02,94.97291666666666,96.49041666666666
2023-09-03,82.19041666666666,80.64666666666666
2023-09-04,108.08166666666666,102.89833333333333
2023-09-05,103.03375,100.51541666666667
2023-09-06,106.13375,103.35000000000001
2023-09-07,100.12541666666668,97.59500000000001
2023-09-08,109.9575,103.43958333333335
2023-09-09,91.6175,91.22333333333334
2023-09-10,84.97291666666666,80.26916666666666
2023-09-11,153.245,145.67583333333332
2023-09-12,131.23958333333334,128.43958333333333
2023-09-13,109.30458333333333,113.52833333333332
2023-09-14,120.74541666666666,118.07
2023-09-15,107.8675,115.36041666666667
2023-09-16,96.20375,94.63833333333334
2023-09-17,86.28625,84.73291666666667
2023-09-18,87.7425,88.38625
2023-09-19,37.47625,92.47333333333334
2023-09-20,55.67083333333334,115.96666666666665
2023-09-21,104.16041666666666,105.33333333333333
2023-09-22,105.43666666666667,106.56125000000002
2023-09-23,98.49791666666665,100.7675
2023-09-24,62.92666666666667,62.1925
2023-09-25,113.20041666666667,108.48291666666667
2023-09-26,128.155,112.7925
2023-09-27,123.01875,106.81666666666666
2023-09-28,113.93708333333335,112.83833333333332
2023-09-29,104.16624999999999,106.62958333333334
2023-09-30,92.21249999999999,91.68374999999999
2023-10-01,73.6775,73.2175
2023-10-02,118.32208333333334,104.9425
2023-10-03,16.293333333333333,77.58708333333333
2023-10-04,74.79083333333334,90.45
2023-10-05,102.14125,108.82083333333333
2023-10-06,64.42791666666666,112.19875
2023-10-07,50.83958333333334,66.71375
2023-10-08,92.19333333333333,83.87333333333333
2023-10-09,117.09583333333335,125.92416666666666
2023-10-10,107.58166666666666,137.14333333333335
2023-10-11,62.79291666666666,126.46499999999999
2023-10-12,125.94791666666667,128.38583333333332
2023-10-13,58.36666666666667,134.33291666666668
2023-10-14,27.51125,85.7625
2023-10-15,47.076249999999995,73.25
2023-10-16,135.40583333333333,133.48708333333335
2023-10-17,127.5,170.13750000000002
2023-10-18,92.72375,128.05458333333334
2023-10-19,97.57291666666667,116.46041666666667
2023-10-20,85.11541666666666,102.935
2023-10-21,53.459583333333335,59.47416666666666
2023-10-22,69.35583333333334,73.38166666666667
2023-10-23,124.98333333333333,138.47541666666666
2023-10-24,117.78125,125.12666666666667
2023-10-25,123.71249999999999,123.48666666666666
2023-10-26,122.28291666666667,126.46125
2023-10-27,116.32166666666666,119.63875
2023-10-28,77.6075,88.01166666666667
2023-10-29,23.697916666666668,43.98875
2023-10-30,96.13833333333334,102.9775
2023-10-31,104.08833333333332,104.15541666666667
2023-11-01,61.05625,107.09666666666668
2023-11-02,59.51458333333333,110.57791666666667
2023-11-03,57.84583333333333,71.18958333333333
2023-11-04,23.273750000000003,33.33416666666667
2023-11-05,29.66333333333333,24.69333333333333
2023-11-06,75.21416666666667,103.42916666666667
2023-11-07,99.39999999999999,128.39333333333335
2023-11-08,89.77916666666665,103.54124999999999
2023-11-09,96.89166666666667,105.85875
2023-11-10,95.01541666666667,105.21708333333333
2023-11-11,96.88666666666667,97.09625
2023-11-12,98.06375000000001,96.63041666666668
2023-11-13,91.51125,129.27541666666667
2023-11-14,68.4675,104.87416666666667
2023-11-15,102.58958333333334,114.36041666666667
2023-11-16,118.49000000000001,123.09041666666667
2023-11-17,121.53083333333332,118.07083333333333
2023-11-18,87.58708333333334,61.35166666666667
2023-11-19,40.24458333333333,42.715
2023-11-20,107.52,113.25583333333333
2023-11-21,123.10041666666666,123.95833333333333
2023-11-22,108.31166666666667,120.08375000000001
2023-11-23,58.9975,113.62208333333332
2023-11-24,67.0625,100.90333333333332
2023-11-25,95.97291666666666,97.71666666666665
2023-11-26,115.8575,90.84416666666668
2023-11-27,113.61375,129.85791666666668
2023-11-28,122.80333333333334,113.83708333333334
2023-11-29,140.28791666666666,131.87583333333333
2023-11-30,168.84625,149.49041666666668
2023-12-01,156.32583333333335,89.79
2023-12-02,116.53333333333335,98.295
2023-12-03,104.11666666666667,88.65208333333334
2023-12-04,111.6325,123.45666666666666
2023-12-05,114.56416666666667,131.60041666666666
2023-12-06,129.71666666666667,129.78583333333333
2023-12-07,116.09750000000001,120.65625
2023-12-08,104.00916666666666,108.75708333333334
2023-12-09,75.86,93.05583333333334
2023-12-10,55.90375,77.31041666666667
2023-12-11,81.28666666666668,109.91083333333334
2023-12-12,105.53333333333335,126.48083333333334
2023-12-13,93.12333333333333,110.94541666666667
2023-12-14,107.49000000000001,106.17166666666667
2023-12-15,92.44666666666666,96.09166666666665
2023-12-16,69.78416666666666,80.26166666666667
2023-12-17,51.03208333333333,67.92375
2023-12-18,77.74041666666666,94.24208333333333
2023-12-19,76.72958333333334,99.94375000000001
2023-12-20,60.85125,95.16666666666667
2023-12-21,24.02416666666667,101.31
2023-12-22,22.657083333333333,74.45208333333333
2023-12-23,30.741666666666664,27.68958333333333
2023-12-24,-3.5366666666666666,38.091249999999995
2023-12-25,0.5729166666666666,3.970833333333333
2023-12-26,18.345000000000002,26.27416666666667
2023-12-27,59.07458333333333,54.870000000000005
2023-12-28,16.670833333333334,41.814166666666665
2023-12-29,6.605,23.27916666666667
2023-12-30,35.3325,37.00875
2023-12-31,8.384583333333333,27.73
2024-01-01,17.452083333333334,17.439583333333335
2024-01-02,51.79541666666666,58.635
2024-01-03,47.60583333333333,54.98
2024-01-04,86.60916666666667,81.1375
2024-01-05,91.21083333333333,96.74833333333333
2024-01-06,88.80083333333333,88.28750000000001
2024-01-07,86.44916666666667,85.40625
2024-01-08,102.27708333333334,97.99416666666667
2024-01-09,109.44166666666666,108.90583333333335
2024-01-10,111.94166666666666,112.64458333333333
2024-01-11,109.61833333333334,111.39791666666667
2024-01-12,106.00125000000001,108.70291666666667
2024-01-13,73.48541666666667,92.9525
2024-01-14,76.31583333333333,76.50125
2024-01-15,87.06124999999999,94.94749999999999
2024-01-16,100.72791666666666,112.81541666666668
2024-01-17,100.01166666666667,118.57333333333332
2024-01-18,92.28833333333334,97.835
2024-01-19,78.31875000000001,82.68708333333333
2024-01-20,73.69666666666667,76.68416666666667
2024-01-21,49.001666666666665,66.27458333333333
2024-01-22,48.98583333333334,92.60875
2024-01-23,51.73541666666667,100.8975
2024-01-24,34.843333333333334,89.16624999999999
2024-01-25,78.78541666666666,93.06166666666667
2024-01-26,58.92124999999999,91.28916666666667
2024-01-27,68.81833333333334,76.66958333333334
2024-01-28,58.57833333333334,67.72041666666667
2024-01-29,81.94833333333334,84.63375
2024-01-30,77.95833333333333,87.04333333333334
2024-01-31,74.97666666666667,96.84333333333332
2024-02-01,72.75291666666666,97.12958333333334
2024-02-02,60.01416666666666,89.55041666666666
2024-02-03,36.41041666666667,72.115
2024-02-04,13.306666666666667,48.66
2024-02-05,37.30083333333334,62.395
2024-02-06,45.54833333333334,65.41166666666666
2024-02-07,80.515,81.56125
2024-02-08,88.14291666666666,89.51875
2024-02-09,70.62916666666666,72.12541666666667
2024-02-10,71.81,71.67291666666667
2024-02-11,62.331250000000004,50.315
2024-02-12,74.92833333333333,73.51
2024-02-13,71.89625,75.20875
2024-02-14,68.20916666666666,71.2475
2024-02-15,70.08666666666666,55.52333333333333
2024-02-16,61.291666666666664,65.39291666666666
2024-02-17,66.865,62.57
2024-02-18,52.418749999999996,51.974583333333335
2024-02-19,65.87458333333333,73.63666666666667
2024-02-20,62.91458333333333,80.21833333333333
2024-02-21,56.72458333333333,81.04375
2024-02-22,50.03333333333333,67.39999999999999
2024-02-23,46.122083333333336,59.98
2024-02-24,56.785833333333336,55.40875
2024-02-25,61.14625,60.86375
2024-02-26,66.25958333333334,67.12583333333333
2024-02-27,73.95041666666667,74.74916666666667
2024-02-28,71.6025,76.52125
2024-02-29,63.4925,68.9375
2024-03-01,70.92625,70.72791666666667
2024-03-02,63.99166666666667,64.48416666666667
2024-03-03,61.08166666666667,62.335
2024-03-04,75.58916666666667,74.37541666666667
2024-03-05,74.97791666666667,76.42916666666666
2024-03-06,82.93208333333332,83.13291666666667
2024-03-07,76.12083333333334,81.20125
2024-03-08,61.83375,78.9075
2024-03-09,45.28125,53.44416666666667
2024-03-10,34.00833333333333,38.361250000000005
2024-03-11,72.51791666666666,67.93166666666666
2024-03-12,86.25166666666667,68.67125
2024-03-13,72.42958333333333,77.10166666666667
2024-03-14,66.44083333333333,72.25583333333333
2024-03-15,55.72208333333333,62.87083333333334
2024-03-16,51.23083333333333,66.365
2024-03-17,61.778333333333336,58.82583333333333
2024-03-18,81.57875,80.92625
2024-03-19,81.735,83.455
2024-03-20,91.35000000000001,66.19208333333333
2024-03-21,80.56333333333333,73.69416666666667
2024-03-22,69.43375,66.32958333333333
2024-03-23,35.675000000000004,44.1175
2024-03-24,27.14125,33.12916666666667
2024-03-25,85.28166666666667,71.10291666666667
2024-03-26,65.24666666666667,62.58916666666667
2024-03-27,77.16083333333334,68.38958333333333
2024-03-28,48.91208333333333,43.425000000000004
2024-03-29,39.791666666666664,38.21041666666667
2024-03-30,53.51583333333334,45.98916666666667
2024-03-31,54.102916666666665,31.134583333333335
2024-04-01,32.147083333333335,29.890833333333333
2024-04-02,39.0475,38.33625
2024-04-03,85.73333333333333,70.935
2024-04-04,65.16250000000001,64.62583333333333
2024-04-05,45.184583333333336,52.02333333333333
2024-04-06,26.53125,37.663333333333334
2024-04-07,26.196250000000003,25.38416666666667
2024-04-08,85.12958333333333,61.8775
2024-04-09,53.04416666666666,49.1975
2024-04-10,74.53958333333334,70.68666666666667
2024-04-11,59.12166666666667,54.92583333333334
2024-04-12,59.36083333333334,47.05458333333333
2024-04-13,9.318333333333333,19.100416666666668
2024-04-14,23.496666666666666,22.209166666666665
2024-04-15,63.4775,68.3575
2024-04-16,63.15875,60.03708333333333
2024-04-17,102.49083333333334,84.69083333333333
2024-04-18,94.105,92.13625
2024-04-19,57.99166666666667,70.45375
2024-04-20,59.665,55.0675
2024-04-21,55.34166666666667,53.26458333333333
2024-04-22,99.27958333333333,96.19
2024-04-23,97.12333333333333,101.44458333333334
2024-04-24,94.45958333333333,97.72208333333333
2024-04-25,90.22583333333334,96.92833333333333
2024-04-26,87.49916666666667,89.09666666666668
2024-04-27,58.974583333333335,59.56916666666667
2024-04-28,13.849166666666667,18.752083333333335
2024-04-29,81.52125,54.87125
2024-04-30,68.60541666666667,58.84833333333333
2024-05-01,0.3687500000000001,18.87333333333333
2024-05-02,40.4,51.689166666666665
2024-05-03,80.2075,79.16958333333334
2024-05-04,75.01416666666667,67.45708333333333
2024-05-05,53.61666666666667,50.060833333333335
2024-05-06,93.11291666666666,83.02374999999999
2024-05-07,93.20041666666667,91.19541666666667
2024-05-08,92.27541666666667,89.94458333333334
2024-05-09,61.92041666666666,79.61874999999999
2024-05-10,76.56833333333334,78.68583333333333
2024-05-11,50.694583333333334,54.977916666666665
2024-05-12,-1.0216666666666665,49.15083333333333
2024-05-13,48.05166666666667,97.58666666666666
2024-05-14,26.47,103.90166666666666
2024-05-15,44.43208333333334,100.60833333333333
2024-05-16,50.96791666666667,100.21625
2024-05-17,68.94791666666667,97.01833333333333
2024-05-18,57.828333333333326,71.34083333333334
2024-05-19,52.25208333333333,77.99708333333334
2024-05-20,64.31791666666666,92.38333333333333
2024-05-21,78.92041666666667,88.175
2024-05-22,86.73166666666667,91.76416666666667
2024-05-23,95.51666666666667,97.64375
2024-05-24,101.75333333333333,99.18875000000001
2024-05-25,73.04583333333333,68.65416666666667
2024-05-26,55.752916666666664,61.06583333333333
2024-05-27,108.33458333333334,100.22625
2024-05-28,88.31333333333333,101.1725
2024-05-29,81.96291666666666,98.325
2024-05-30,96.62875000000001,96.95458333333333
2024-05-31,89.23708333333333,96.68041666666666
2024-06-01,54.338750000000005,66.26666666666667
2024-06-02,28.07166666666667,41.885416666666664
2024-06-03,118.14208333333333,123.92708333333333
2024-06-04,102.81208333333335,117.94583333333333
2024-06-05,85.15666666666667,107.37541666666668
2024-06-06,86.94958333333334,107.80791666666666
2024-06-07,82.78166666666667,95.26125
2024-06-08,43.86333333333334,74.36874999999999
2024-06-09,27.575416666666666,53.87083333333334
2024-06-10,91.45791666666666,95.91666666666667
2024-06-11,64.01416666666667,96.28583333333334
2024-06-12,91.94375000000001,109.80250000000001
2024-06-13,93.20958333333334,101.235
2024-06-14,76.19250000000001,76.33125
2024-06-15,4.875,51.445
2024-06-16,25.907916666666665,66.6225
2024-06-17,96.165,113.98333333333333
2024-06-18,96.37208333333332,113.58291666666666
2024-06-19,83.19416666666667,101.11166666666666
2024-06-20,94.92666666666666,116.20291666666667
2024-06-21,95.41916666666667,129.08083333333335
2024-06-22,53.03125,80.79416666666667
2024-06-23,51.24041666666667,73.21208333333333
2024-06-24,91.05333333333334,131.36208333333335
2024-06-25,76.99125,194.44958333333332
2024-06-26,102.00875,124.52708333333334
2024-06-27,92.18083333333334,125.22041666666667
2024-06-28,64.21875,102.24583333333334
2024-06-29,66.86333333333333,87.84458333333333
2024-06-30,45.749583333333334,54.19541666666667
2024-07-01,91.15416666666665,150.0275
2024-07-02,84.50875,104.28791666666666
2024-07-03,86.90125,117.39999999999999
2024-07-04,25.405416666666667,123.4175
2024-07-05,41.5025,95.95291666666667
2024-07-06,0.6929166666666666,79.77875
2024-07-07,28.24625,70.96041666666666
2024-07-08,90.22375,151.38458333333332
2024-07-09,73.87666666666667,116.89916666666666
2024-07-10,81.76458333333333,149.42958333333334
2024-07-11,91.84541666666667,193.74666666666667
2024-07-12,86.90583333333332,211.57416666666666
2024-07-13,30.81375,161.5825
2024-07-14,24.110416666666666,117.98875
2024-07-15,77.45333333333333,205.16791666666666
2024-07-16,51.135416666666664,214.85791666666668
2024-07-17,76.78833333333334,239.3970833333333
2024-07-18,90.75416666666666,239.8033333333333
2024-07-19,86.46708333333333,194.80125
2024-07-20,59.31833333333333,148.99416666666667
2024-07-21,58.4475,102.585
2024-07-22,88.74541666666666,229.49749999999997
2024-07-23,79.61916666666667,139.5975
2024-07-24,66.60708333333334,198.19791666666666
2024-07-25,78.33875,181.78083333333333
2024-07-26,93.03500000000001,108.87541666666665
2024-07-27,80.73791666666666,88.82875
2024-07-28,43.959583333333335,73.80375
2024-07-29,71.54333333333334,97.43916666666667
2024-07-30,78.59041666666667,85.54958333333333
2024-07-31,79.5175,107.16208333333333
2024-08-01,94.62666666666667,123.40249999999999
2024-08-02,94.59083333333332,116.77416666666666
2024-08-03,75.69583333333334,90.51416666666667
2024-08-04,61.12708333333333,75.20833333333333
2024-08-05,100.28375,137.67083333333332
2024-08-06,85.97874999999999,121.1025
2024-08-07,93.32041666666667,121.495
2024-08-08,93.28541666666666,132.34125
2024-08-09,52.88333333333333,120.65208333333334
2024-08-10,51.249583333333334,82.86708333333333
2024-08-11,54.2475,70.17208333333333
2024-08-12,91.55624999999999,108.93958333333335
2024-08-13,99.36208333333333,148.7825
2024-08-14,109.74041666666666,133.73333333333332
2024-08-15,84.51875,111.40166666666666
2024-08-16,108.89791666666667,150.47708333333333
2024-08-17,93.57958333333333,112.24208333333333
2024-08-18,86.68958333333335,101.74125
2024-08-19,108.01541666666667,169.63958333333332
2024-08-20,91.53750000000001,165.04958333333335
2024-08-21,51.899166666666666,153.42083333333332
2024-08-22,60.78333333333333,116.52541666666667
2024-08-23,43.9775,141.86083333333332
2024-08-24,40.8975,94.80333333333334
2024-08-25,29.2825,65.74625
2024-08-26,99.99874999999999,163.46916666666667
2024-08-27,90.62541666666665,168.80125
2024-08-28,96.16125,189.62208333333334
2024-08-29,113.85541666666667,194.71291666666664
2024-08-30,106.75958333333334,147.71375
2024-08-31,77.65583333333333,101.71625
2024-09-01,61.909166666666664,98.69
2024-09-02,115.3525,231.80625
2024-09-03,159.07916666666668,247.4075
2024-09-04,125.28166666666665,198.22375
2024-09-05,61.502916666666664,139.81208333333333
2024-09-06,79.19291666666668,134.09
2024-09-07,78.625,87.76833333333333
2024-09-08,68.65625,71.50333333333333
2024-09-09,97.85416666666667,159.23125000000002
2024-09-10,57.07125,133.14666666666668
2024-09-11,84.86666666666666,152.41291666666666
2024-09-12,113.06041666666665,148.19958333333332
2024-09-13,87.235,93.29333333333334
2024-09-14,55.60708333333333,67.65916666666666
2024-09-15,63.49916666666667,65.70416666666667
2024-09-16,96.91958333333334,125.08541666666667
2024-09-17,88.82166666666666,132.84666666666666
2024-09-18,77.47,100.62791666666668
2024-09-19,77.56541666666666,81.81750000000001
2024-09-20,74.48916666666666,82.95291666666667
2024-09-21,70.61541666666666,76.96625
2024-09-22,75.64416666666666,76.10416666666667
2024-09-23,121.18875000000001,108.99708333333332
2024-09-24,88.56208333333335,94.09750000000001
2024-09-25,76.44,89.01583333333333
2024-09-26,49.802083333333336,78.64041666666667
2024-09-27,14.958333333333334,68.06958333333334
2024-09-28,33.29416666666667,38.31791666666667
2024-09-29,55.19166666666666,39.93958333333333
2024-09-30,32.19083333333334,54.64791666666667
2024-10-01,74.62833333333333,51.42291666666667
2024-10-02,94.48166666666667,92.60125
2024-10-03,73.20708333333333,88.43958333333335
2024-10-04,97.43458333333332,82.57541666666667
2024-10-05,83.98666666666666,84.42833333333333
2024-10-06,52.3525,59.65833333333333
2024-10-07,86.61500000000001,88.09458333333333
2024-10-08,90.58875,76.53500000000001
2024-10-09,82.49041666666666,78.90541666666667
2024-10-10,61.611250000000005,63.86000000000001
2024-10-11,95.88291666666667,96.395
2024-10-12,49.30916666666667,54.818333333333335
2024-10-13,11.121249999999998,32.74875
2024-10-14,109.97666666666667,105.31291666666668
2024-10-15,89.09833333333334,106.765
2024-10-16,34.78625,58.25
2024-10-17,77.05583333333333,65.09583333333333
2024-10-18,102.60625,79.51583333333333
2024-10-19,83.03208333333333,75.67625
2024-10-20,30.902916666666666,52.844166666666666
2024-10-21,90.59375,105.81708333333334
2024-10-22,102.30458333333333,107.98458333333333
2024-10-23,112.41791666666666,111.18416666666667
2024-10-24,101.27916666666665,115.25291666666668
2024-10-25,115.23083333333334,119.26416666666667
2024-10-26,99.68916666666667,106.36291666666666
2024-10-27,90.73875,98.75041666666665
2024-10-28,111.58625,127.61208333333333
2024-10-29,141.15166666666667,151.375
2024-10-30,124.87583333333333,128.38166666666666
2024-10-31,104.04708333333333,122.67666666666666
2024-11-01,76.41041666666666,149.9775
2024-11-02,106.98541666666667,106.76875
2024-11-03,93.05291666666666,95.9375
2024-11-04,126.27374999999999,132.0375
2024-11-05,164.9775,198.49541666666667
2024-11-06,231.2225,217.72375
2024-11-07,159.20666666666668,167.535
2024-11-08,113.61958333333332,129.30791666666667
2024-11-09,114.46958333333333,114.78333333333335
2024-11-10,114.36333333333333,114.57916666666667
2024-11-11,121.79291666666667,197.70166666666668
2024-11-12,166.40791666666667,268.81083333333333
2024-11-13,149.44875,320.3520833333333
2024-11-14,122.38083333333333,335.30875
2024-11-15,123.815,194.39916666666667
2024-11-16,93.44708333333334,169.48916666666665
2024-11-17,62.870000000000005,153.96208333333334
2024-11-18,106.32541666666667,245.27958333333333
2024-11-19,123.70416666666667,222.71375
2024-11-20,114.77333333333333,128.38125
2024-11-21,124.24125,162.68166666666667
2024-11-22,109.79916666666666,126.72041666666667
2024-11-23,72.73,110.92375
2024-11-24,3.873333333333333,109.11208333333333
2024-11-25,58.797083333333326,137.2825
2024-11-26,113.38333333333333,158.8675
2024-11-27,117.67166666666667,159.4125
2024-11-28,98.61874999999999,152.44375
2024-11-29,129.77,139.9125
2024-11-30,104.27499999999999,120.17
2024-12-01,93.55583333333334,102.83291666666666
2024-12-02,110.64625000000001,134.98541666666668
2024-12-03,144.49958333333333,166.25958333333332
2024-12-04,182.21,190.77166666666665
2024-12-05,101.86208333333333,204.45166666666668
2024-12-06,89.54166666666667,150.9425
2024-12-07,71.81083333333333,130.68083333333334
2024-12-08,98.12875000000001,111.21916666666668
2024-12-09,100.48666666666666,131.11583333333334
2024-12-10,150.89083333333335,155.28958333333333
2024-12-11,266.8066666666667,259.4733333333333
2024-12-12,395.665,327.1708333333333
2024-12-13,177.91916666666668,171.57875
2024-12-14,99.42,121.12124999999999
2024-12-15,43.78625,110.08
2024-12-16,50.2275,128.84166666666667
2024-12-17,87.62291666666665,127.995
2024-12-18,52.559583333333336,154.00708333333333
2024-12-19,53.55041666666667,121.61166666666666
2024-12-20,75.54125,97.69541666666667
2024-12-21,20.979583333333334,87.17708333333333
2024-12-22,24.150833333333335,106.34708333333333
2024-12-23,61.467083333333335,105.02166666666666
2024-12-24,102.70875000000001,102.70875000000001
2024-12-25,99.075,98.22791666666666
2024-12-26,113.08458333333334,113.16416666666667
2024-12-27,122.52333333333333,122.67458333333333
2024-12-28,122.67958333333333,130.805
2024-12-29,102.96125,128.14208333333332
2024-12-30,77.27083333333333,141.51083333333335
2024-12-31,60.088750000000005,141.27958333333333
2025-01-01,0.9708333333333333,84.63375
2025-01-02,96.95166666666667,116.08583333333333
2025-01-03,89.56041666666665,121.36041666666667
2025-01-04,121.76875,135.95833333333334
2025-01-05,68.64083333333333,119.88333333333333
2025-01-06,24.811666666666667,111.02291666666667
2025-01-07,60.456250000000004,120.56541666666668
2025-01-08,105.79375,119.43958333333332
2025-01-09,120.83749999999999,126.6425
2025-01-10,113.33791666666667,120.62583333333333
2025-01-11,100.92958333333333,113.24208333333333
2025-01-12,111.26583333333333,112.15375
2025-01-13,128.95125,136.49875
2025-01-14,126.89666666666666,151.21208333333334
2025-01-15,222.9333333333333,242.15
2025-01-16,147.79375000000002,153.85791666666668
2025-01-17,146.58583333333334,147.34125
2025-01-18,134.33416666666668,136.24375
2025-01-19,128.41333333333333,132.55166666666665
2025-01-20,231.57666666666668,236.81375
2025-01-21,168.47625,210.29125
2025-01-22,160.85291666666666,186.3429166666667
2025-01-23,102.07458333333334,162.14458333333334
2025-01-24,78.48333333333333,150.60375
2025-01-25,102.12416666666667,117.25583333333333
2025-01-26,97.87458333333332,112.98125
2025-01-27,61.70583333333334,123.20125
2025-01-28,106.82416666666667,120.94541666666667
2025-01-29,108.33041666666666,123.25999999999999
2025-01-30,132.68125,133.81666666666666
2025-01-31,141.72291666666666,143.65041666666667
2025-02-01,135.29333333333332,135.43333333333334
2025-02-02,136.97291666666666,137.27541666666667
2025-02-03,154.62708333333333,154.47041666666667
2025-02-04,141.62208333333334,144.67916666666667
2025-02-05,142.61625,143.835
2025-02-06,149.77124999999998,152.53
2025-02-07,119.31375000000001,138.69458333333333
2025-02-08,111.045,115.91333333333334
2025-02-09,127.73541666666667,130.91625000000002
2025-02-10,120.12166666666667,155.78208333333333
2025-02-11,122.16624999999999,159.8970833333333
2025-02-12,154.79125,183.95416666666665
2025-02-13,172.07666666666668,203.81041666666667
2025-02-14,178.98083333333332,181.64333333333335
2025-02-15,133.60833333333332,139.64083333333335
2025-02-16,132.39791666666667,142.5075
2025-02-17,153.61916666666667,161.94
2025-02-18,131.27083333333334,194.83624999999998
2025-02-19,110.06416666666667,165.77374999999998
2025-02-20,94.505,173.49875
2025-02-21,89.77666666666666,147.57125
2025-02-22,71.99374999999999,139.72916666666666
2025-02-23,90.19749999999999,143.3925
2025-02-24,91.8725,201.13041666666666
2025-02-25,141.10583333333332,206.67416666666668
2025-02-26,134.79875,153.41166666666666
2025-02-27,126.61500000000001,140.18375
2025-02-28,129.30291666666668,151.71208333333334
2025-03-01,123.46999999999998,141.32666666666668
2025-03-02,90.45458333333333,120.0425
2025-03-03,106.99041666666666,131.59958333333333
2025-03-04,106.47666666666667,142.54875
2025-03-05,78.2975,116.21249999999999
2025-03-06,90.08458333333334,122.15500000000002
2025-03-07,105.43874999999998,113.96583333333332
2025-03-08,89.445,109.94958333333334
2025-03-09,77.2775,85.0025
2025-03-10,113.1725,114.01
2025-03-11,125.18666666666667,124.57
2025-03-12,125.15375,123.67041666666667
2025-03-13,125.16458333333333,85.14083333333333
2025-03-14,121.36208333333333,94.64999999999999
2025-03-15,91.99666666666667,83.20875
2025-03-16,71.53583333333333,74.40333333333334
2025-03-17,99.69833333333334,104.21833333333335
2025-03-18,90.77333333333333,92.36458333333333
2025-03-19,104.79916666666666,108.21416666666666
2025-03-20,108.62833333333333,117.34291666666667
2025-03-21,69.43458333333334,105.54583333333333
2025-03-22,14.409583333333332,77.04125
2025-03-23,58.99583333333334,62.41791666666666
2025-03-24,129.53416666666666,130.74666666666667
2025-03-25,111.73625,125.12291666666665
2025-03-26,114.69666666666666,119.60000000000001
2025-03-27,98.34666666666668,110.875
2025-03-28,89.32666666666667,101.04833333333333
2025-03-29,81.70833333333333,93.21583333333332
2025-03-30,14.634166666666665,44.43541666666667
2025-03-31,107.22583333333334,123.78791666666666
2025-04-01,91.65291666666667,101.815
2025-04-02,61.57416666666666,88.72416666666668
2025-04-03,80.72333333333333,89.7575
2025-04-04,89.93416666666667,98.77375
2025-04-05,51.46958333333333,67.46083333333333
2025-04-06,39.962916666666665,62.437916666666666
2025-04-07,96.59291666666667,112.15583333333332
2025-04-08,99.50541666666668,120.125
2025-04-09,90.78875,130.79875
2025-04-10,83.17375,92.265
2025-04-11,68.22208333333333,84.39583333333333
2025-04-12,61.56125,83.47041666666667
2025-04-13,41.297916666666666,54.419999999999995
2025-04-14,97.15208333333334,110.17666666666666
2025-04-15,71.03833333333334,104.455
2025-04-16,89.69916666666666,81.65041666666667
2025-04-17,98.45833333333333,79.7775
2025-04-18,87.77416666666666,82.94500000000001
2025-04-19,70.00208333333333,72.94
2025-04-20,65.71666666666667,54.80291666666667
2025-04-21,81.11,68.42833333333333
2025-04-22,113.52166666666666,115.38166666666666
2025-04-23,108.49041666666666,112.85166666666667
2025-04-24,96.44125000000001,99.83625
2025-04-25,89.28583333333334,86.11166666666666
2025-04-26,54.82708333333333,57.07583333333333
2025-04-27,33.439166666666665,48.504999999999995
2025-04-28,75.69791666666667,76.64291666666666
2025-04-29,73.51541666666667,72.7175
2025-04-30,75.13708333333334,81.93375
2025-05-01,44.03916666666667,45.499583333333334
2025-05-02,63.79583333333333,59.87291666666667
2025-05-03,51.49666666666667,54.56166666666667
2025-05-04,35.229166666666664,35.27125
2025-05-05,88.37083333333334,97.69875
2025-05-06,91.41375,97.76416666666667
2025-05-07,99.255,105.10458333333334
2025-05-08,103.64791666666667,114.68708333333332
2025-05-09,81.50166666666667,92.40958333333333
2025-05-10,51.66583333333333,77.12875
2025-05-11,18.339166666666667,67.93541666666667
2025-05-12,70.0775,118.32583333333334
2025-05-13,80.40666666666667,102.43791666666665
2025-05-14,68.55916666666667,100.69291666666668
2025-05-15,66.02958333333333,85.41000000000001
2025-05-16,73.54958333333333,100.48375
2025-05-17,60.412083333333335,78.49125
2025-05-18,63.13583333333333,66.56083333333333
2025-05-19,95.86375,100.06666666666666
2025-05-20,90.69666666666667,116.28208333333333
2025-05-21,70.37083333333334,147.60458333333332
2025-05-22,61.52583333333333,100.81374999999998
2025-05-23,82.54958333333333,107.98458333333333
2025-05-24,51.973749999999995,70.91583333333334
2025-05-25,28.735416666666666,40.57875
2025-05-26,72.71291666666666,101.11916666666667
2025-05-27,61.13916666666666,78.89083333333333
2025-05-28,86.20958333333334,94.97083333333335
2025-05-29,51.17291666666667,71.52416666666666
2025-05-30,53.8475,59.68416666666667
2025-05-31,69.29333333333334,71.61458333333333
2025-06-01,38.71583333333333,50.19375
2025-06-02,89.71833333333332,112.57833333333333
2025-06-03,68.38666666666667,92.04
2025-06-04,85.11999999999999,105.27125
2025-06-05,78.15958333333333,98.21833333333332
2025-06-06,49.82916666666667,89.71416666666666
2025-06-07,59.95416666666667,80.59791666666666
2025-06-08,15.641666666666666,60.37166666666667
2025-06-09,39.80166666666667,77.05916666666667
2025-06-10,53.275416666666665,82.92916666666666
2025-06-11,73.11375,85.71375
2025-06-12,56.98583333333334,85.89625
2025-06-13,52.912083333333335,85.94666666666666
2025-06-14,45.859166666666674,61.13916666666666
2025-06-15,62.53458333333333,64.47291666666666
2025-06-16,81.3,94.55458333333333
2025-06-17,85.37666666666667,94.63541666666667
2025-06-18,79.77458333333333,96.15791666666667
2025-06-19,55.833333333333336,92.805
2025-06-20,87.67583333333333,89.22625
2025-06-21,71.78833333333334,78.62375
2025-06-22,38.335,52.27
2025-06-23,39.14458333333334,99.06041666666665
2025-06-24,47.32791666666666,95.56708333333334
2025-06-25,83.52791666666667,104.44833333333334
2025-06-26,88.6875,119.73291666666667
2025-06-27,82.06125,109.48958333333333
2025-06-28,52.522083333333335,61.945
2025-06-29,54.25541666666667,55.47541666666667
2025-06-30,103.2075,109.05083333333333
2025-07-01,139.00708333333333,117.46041666666667
2025-07-02,101.49541666666666,123.25916666666666
2025-07-03,88.625,107.39625000000001
2025-07-04,78.895,103.60458333333334
2025-07-05,53.25125,81.19875
2025-07-06,75.22416666666666,84.02416666666666
2025-07-07,98.74291666666666,120.37791666666668
2025-07-08,89.48208333333334,105.80541666666666
2025-07-09,92.325,92.68208333333332
2025-07-10,90.73333333333333,86.00333333333333
2025-07-11,88.40291666666667,98.23458333333333
2025-07-12,72.57666666666667,73.32125
2025-07-13,73.22166666666666,69.34458333333333
2025-07-14,98.10208333333333,109.82875
2025-07-15,90.09375,99.85791666666667
2025-07-16,96.18666666666667,108.04583333333333
2025-07-17,92.77291666666667,102.3075
2025-07-18,101.22541666666666,107.64083333333333
2025-07-19,68.77875,82.94625
2025-07-20,70.92166666666667,76.40166666666666
2025-07-21,100.77916666666665,111.96833333333335
2025-07-22,77.84458333333333,109.79958333333333
2025-07-23,79.28333333333333,140.52791666666667
2025-07-24,103.50833333333333,138.08708333333334
2025-07-25,97.11666666666667,142.70583333333335
2025-07-26,91.01916666666666,111.65666666666668
2025-07-27,78.7925,94.27499999999999
2025-07-28,93.36083333333333,115.99041666666666
2025-07-29,77.54375,100.65541666666667
2025-07-30,75.33749999999999,94.445
2025-07-31,86.88916666666667,98.43291666666666
2025-08-01,93.22958333333334,104.77791666666667
2025-08-02,65.38958333333333,68.7675
2025-08-03,41.76958333333334,53.475833333333334
2025-08-04,58.69625,84.235
2025-08-05,40.139583333333334,66.01458333333333
2025-08-06,64.42791666666666,76.65333333333334
2025-08-07,71.32416666666667,66.19291666666666
2025-08-08,76.95208333333333,76.11375
2025-08-09,59.99,70.62458333333333
2025-08-10,47.79333333333333,51.104166666666664
2025-08-11,84.09833333333333,77.84750000000001
2025-08-12,85.08,86.08999999999999
2025-08-13,100.01458333333333,89.92041666666667
2025-08-14,105.41416666666667,96.86791666666666
2025-08-15,73.13375,72.67916666666666
2025-08-16,60.49916666666667,75.89375
2025-08-17,64.15375,60.482499999999995
2025-08-18,92.2275,91.78916666666667
2025-08-19,82.18083333333334,93.76666666666667
2025-08-20,90.83916666666666,86.37166666666667
2025-08-21,92.03541666666666,97.90458333333333
2025-08-22,74.24374999999999,66.42875
2025-08-23,68.33291666666666,71.16708333333334
2025-08-24,62.49916666666667,61.022083333333335
2025-08-25,90.08749999999999,88.98791666666666
2025-08-26,98.96958333333333,95.21083333333333
2025-08-27,104.72291666666666,98.03583333333334
2025-08-28,115.02666666666666,80.66166666666668
2025-08-29,94.57208333333334,86.12041666666666
2025-08-30,69.72375,72.76791666666666
2025-08-31,57.53333333333333,57.937083333333334
2025-09-01,102.27833333333332,100.39999999999999
2025-09-02,122.2075,103.57333333333334
2025-09-03,59.479166666666664,93.25458333333334
2025-09-04,93.52833333333332,100.89541666666668
2025-09-05,100.77,110.79916666666666
2025-09-06,74.31833333333333,87.05375
2025-09-07,41.740833333333335,52.865
2025-09-08,126.12791666666668,128.75458333333333
2025-09-09,141.92125000000001,142.16333333333333
2025-09-10,124.24291666666666,123.21125
2025-09-11,67.71583333333334,123.56374999999998
2025-09-12,57.98791666666667,110.26791666666666
2025-09-13,61.14875,69.26208333333334
2025-09-14,65.91541666666667,58.498333333333335
2025-09-15,7.832083333333333,100.01833333333333
2025-09-16,25.12125,102.47250000000001
2025-09-17,73.97166666666666,86.51666666666667
2025-09-18,67.61125,68.54916666666666
2025-09-19,97.25583333333333,92.9275
2025-09-20,52.31583333333333,60.88166666666667
2025-09-21,38.8075,37.84375
2025-09-22,97.81666666666666,81.44500000000001
2025-09-23,102.52041666666668,103.93083333333334
2025-09-24,78.2725,100.19083333333333
2025-09-25,82.24916666666667,85.13041666666668
2025-09-26,95.57625,100.05833333333334
2025-09-27,93.825,95.2
2025-09-28,86.63458333333334,98.92958333333333
2025-09-29,131.39124999999999,142.30291666666668
2025-09-30,125.99533333333333,139.50433333333334
2025-10-01,116.61145833333335,123.1665625
2025-10-02,102.04031249999998,119.29989583333334
2025-10-03,59.99645833333333,101.0825
2025-10-04,-0.4105208333333333,94.29645833333332
2025-10-05,3.1057291666666664,69.44458333333334
2025-10-06,92.9853125,141.556875
2025-10-07,137.4415625,139.2265625
2025-10-08,117.90489583333334,120.69135416666667
2025-10-09,104.20927083333333,126.93968749999999
2025-10-10,96.77677083333333,130.85614583333333
2025-10-11,90.96385416666668,88.1296875
2025-10-12,88.99510416666668,93.6596875
2025-10-13,140.2371875,169.73020833333334
2025-10-14,156.7671875,189.026875
2025-10-15,143.50145833333332,181.2095833333333
2025-10-16,100.10479166666666,131.30010416666667
2025-10-17,104.73958333333333,127.27291666666667
2025-10-18,95.5503125,117.27927083333333
2025-10-19,73.44166666666666,100.24093749999999
2025-10-20,81.06760416666667,159.88750000000002
2025-10-21,70.72520833333333,149.00864583333333
2025-10-22,126.10281250000001,138.43802083333333
2025-10-23,74.94114583333334,107.82635416666666
2025-10-24,31.516041666666666,98.76114583333333
2025-10-25,11.404583333333333,98.35739583333333
2025-10-26,6.456458333333334,70.75979166666666
2025-10-27,70.18354166666667,115.64864583333333
2025-10-28,67.286875,116.645
2025-10-29,88.40395833333334,104.65708333333333
2025-10-30,69.93145833333334,116.55125
2025-10-31,91.86677083333335,137.9990625
2025-11-01,48.03010416666667,84.45468749999999
2025-11-02,86.66864583333334,82.35458333333334
2025-11-03,75.54833333333333,127.34895833333333
2025-11-04,76.08677083333333,127.17104166666667
2025-11-05,94.09604166666666,124.6646875
2025-11-06,106.07739583333334,134.45125
2025-11-07,111.06927083333333,135.17708333333334
2025-11-08,106.45708333333333,112.44229166666666
2025-11-09,98.6978125,105.385625
2025-11-10,109.64718749999999,127.36541666666666
2025-11-11,96.54510416666666,119.69020833333333
2025-11-12,78.57125,136.76489583333333
2025-11-13,72.57645833333333,156.4675
2025-11-14,105.85541666666667,132.63750000000002
2025-11-15,91.38697916666666,115.4459375
2025-11-16,101.20885416666665,108.62572916666666
2025-11-17,94.57260416666666,106.70916666666666
2025-11-18,102.06906249999999,108.600625
2025-11-19,102.66979166666665,128.69729166666667
2025-11-20,126.44156249999999,133.670625
2025-11-21,146.51114583333333,137.44791666666666
2025-11-22,90.38416666666666,107.92697916666667
2025-11-23,71.04843749999999,99.51541666666667
2025-11-24,133.54708333333335,134.41375
2025-11-25,220.18177083333333,146.804375
2025-11-26,161.3965625,157.05145833333333
2025-11-27,89.965625,116.34364583333333
2025-11-28,85.91864583333334,122.73635416666667
2025-11-29,89.95333333333333,110.87927083333334
2025-11-30,84.649375,102.56458333333335
2025-12-01,92.50562500000001,154.94447916666667
2025-12-02,101.4140625,145.29239583333333
2025-12-03,165.0796875,164.12135416666666
2025-12-04,124.79270833333334,131.334375
2025-12-05,132.71708333333333,124.4684375
2025-12-06,78.99927083333334,101.4121875
2025-12-07,78.39010416666666,92.975625
2025-12-08,72.90302083333333,106.11395833333334
2025-12-09,90.33260416666667,114.54416666666667
2025-12-10,79.7565625,120.3878125
2025-12-11,94.8640625,117.2265625
2025-12-12,113.79770833333333,119.51885416666666
2025-12-13,95.87333333333333,105.35072916666667
2025-12-14,85.42927083333335,98.23322916666666
2025-12-15,87.743125,132.99375
2025-12-16,107.09166666666665,139.66989583333333
2025-12-17,105.92802083333333,130.31458333333333
2025-12-18,71.39322916666667,158.74760416666666
2025-12-19,73.19427083333333,131.61135416666667
2025-12-20,103.510625,110.2784375
2025-12-21,90.50770833333333,105.8759375
2025-12-22,85.6378125,132.3121875
2025-12-23,74.2315625,119.73177083333333
2025-12-24,69.50822916666667,106.651875
2025-12-25,71.16302083333333,87.02604166666667
2025-12-26,97.51770833333335,98.31833333333333
2025-12-27,90.929375,97.8915625
2025-12-28,92.99781250000001,93.64687500000001
2025-12-29,93.84760416666667,107.44541666666667
2025-12-30,88.18583333333333,97.3046875
2025-12-31,86.07187499999999,101.01708333333333
2026-01-01,7.7292708333333335,71.61666666666666
2026-01-02,57.62729166666667,85.50822916666668
2026-01-03,89.03229166666667,93.3521875
2026-01-04,94.58708333333334,95.53385416666667
2026-01-05,134.92166666666665,139.28791666666666
2026-01-06,126.9784375,128.08531250000001
2026-01-07,98.98385416666667,142.25270833333335
2026-01-08,153.90770833333332,169.00416666666666
2026-01-09,78.443125,137.9203125
2026-01-10,98.56135416666666,124.84729166666666
2026-01-11,95.1240625,99.85177083333333
2026-01-12,104.47635416666667,204.1442708333333
2026-01-13,105.76083333333334,251.5996875
2026-01-14,118.76614583333333,189.37739583333334
2026-01-15,100.64958333333334,193.13958333333335
2026-01-16,110.71208333333334,152.17625
2026-01-17,112.51010416666666,118.88791666666667
2026-01-18,108.9740625,117.01239583333334
2026-01-19,140.574375,161.86729166666666
2026-01-20,155.60468749999998,187.6346875
2026-01-21,116.63479166666667,159.9478125
2026-01-22,105.4928125,283.0289583333333
2026-01-23,110.3728125,224.79479166666667
2026-01-24,112.02395833333333,139.900625
2026-01-25,112.03177083333333,117.51343750000001
2026-01-26,141.928125,149.72604166666667
2026-01-27,130.05229166666666,184.27447916666665
2026-01-28,136.789375,152.88270833333334
2026-01-29,133.6132608695652,147.9553409090909
